id,translation,url
242c9adba6ea4354756784a83e9ac102,"{""en"": ""Clinical evaluation"", ""vi"": ""Đánh giá lâm sàng"", ""ja"": ""通常は特異的な診断検査は不要である。ただし，発熱，重度の腹痛，および血性下痢の存在は，より重篤な疾患を示唆するため，直ちに評価を行うべきである。""}",https://www.msdmanuals.com/professional/gastrointestinal-disorders/gastroenteritis/traveler%e2%80%99s-diarrhea
95bd442a3da264072ee27562f8e608d9,"{""en"": ""Various endocrine tumors produce secretagogues, including vipomas     Vipoma  A vipoma is a non-beta pancreatic islet cell tumor secreting vasoactive intestinal peptide (VIP), resulting in a syndrome of watery diarrhea, hypokalemia, and achlorhydria (WDHA syndrome). Diagnosis...  read more      (vasoactive intestinal peptide), gastrinomas     Gastrinoma  A gastrinoma is a gastrin-producing tumor usually located in the pancreas or the duodenal wall. Gastric acid hypersecretion and aggressive, refractory peptic ulceration result (Zollinger-Ellison...  read more         (gastrin), mastocytosis     Mastocytosis and Mast Cell Activation Syndrome  Mastocytosis is mast cell proliferation with infiltration of skin or other tissues and organs. Mast cell activation syndrome is increased and inappropriate activation of mast cells without clonal...  read more         (histamine), medullary carcinoma of the thyroid     Medullary Thyroid Carcinoma  There are 4 general types of thyroid cancer. Most thyroid cancers manifest as asymptomatic nodules. Rarely, lymph node, lung, or bone metastases cause the presenting symptoms of small thyroid...  read more      (calcitonin and prostaglandins), and carcinoid tumors     Overview of Carcinoid Tumors  Carcinoid tumors develop from neuroendocrine cells in the gastrointestinal tract (90%), pancreas, pulmonary bronchi, and rarely the genitourinary tract. More than 95% of all gastrointestinal...  read more      (histamine, serotonin, and polypeptides). Some of these mediators (eg, prostaglandins, serotonin, related compounds) also accelerate intestinal transit, colonic transit, or both."", ""vi"": ""Các khối u nội tiết khác nhau sản sinh ra các chất kích thích bài tiết, bao gồm vipomas     Vipoma  U tiết peptide vận mạch ruột là khối u không phải tế bào beta của tiểu đảo tụy, bài tiết peptit vận mạch ruột (VIP) gây ra hội chứng gồm tiêu chảy phân nước, hạ kali máu và giảm tiết axit dịch...  đọc thêm      (peptide ruột vận mạch), gastrinomas     U tiết gastrin  U tiết gastrin là u sản xuất ra gastrin, thường khu trú ở tụy hoặc ở thành tá tràng. Gây tăng tiết acid dạ dày và loét dạ dày tá tràng tăng triển khó điều trị (hội chứng Zollinger-Ellison)....  đọc thêm         (gastrin), bệnh tế bào mast     Hội chứng tăng sinh tế bào và kích hoạt tế bào Mast  Bệnh tế bào Mast là sự tăng sinh tế bào mast kèm theo xâm nhập da hoặc các mô và cơ quan khác. Hội chứng hoạt hóa tế bào mast tăng lên và sự hoạt hóa không thích hợp của các tế bào mast mà không...  đọc thêm         (histamine), ung thư biểu mô tuyến giáp     Ung thư tuyến giáp thể tủy  Có 4 loại ung thư tuyến giáp nói chung. Hầu hết các bệnh ung thư tuyến giáp biểu hiện như nhân giáp không triệu chứng. Hiếm khi, di căn hạch bạch huyết, phổi, hoặc xương gây ra triệu chứng trong...  đọc thêm      (calcitonin và prostaglandin) và u tế bào ưa bạc     Tổng quan về U carcinoid  Các khối u carcinoid phát triển từ các tế bào nội tiết thần kinh trong đường tiêu hóa (90%), tụy, phế quản phổi và hiếm khi ở hệ tiết niệu sinh dục. Hơn 95% các u carcinoid đường tiêu hóa chỉ...  đọc thêm      (histamine, serotonin và polypeptides). Một số chất trung gian (ví dụ: prostaglandin, serotonin, các phức hợp liên quan) cũng làm tăng tốc độ thức ăn di chuyển qua ruột non, tăng tốc độ thức ăn di chuyển qua đại tràng, hoặc cả hai."", ""ja"": ""様々な内分泌腫瘍が分泌促進物質を産生し，そのような腫瘍としては VIPoma     VIPoma  VIPomaは，血管作動性腸管ペプチド（VIP）を分泌する非β膵島細胞腫瘍で，水様性下痢，低カリウム血症，および無酸症を呈する症候群（WDHA症候群）を来す。診断は血清VIP濃度による。腫瘍の局在診断はCTおよび超音波内視鏡検査による。治療は外科的切除である。 VIPomaは，膵島細胞から発生する膵内分泌腫瘍の一種である。これらの腫瘍のうち50～75％は悪性で，診断時に極めて大きい（7cm）ものもある。VIPomaの約6％は，...  さらに読む     （血管作動性腸管ペプチド）， ガストリノーマ     ガストリノーマ  ガストリノーマはガストリン産生腫瘍で，通常膵臓または十二指腸壁に発生する。結果として胃酸の過剰分泌と進行の速い難治性の消化性潰瘍が生じる（ゾリンジャー-エリソン症候群）。診断は血清ガストリン濃度の測定による。治療はプロトンポンプ阻害薬および外科的切除である。 （ 膵内分泌腫瘍の概要も参照のこと。） ガストリノーマは，膵島細胞から発生する膵内分泌腫瘍の一種であるが，十二指腸および，はるかにまれであるが，体内の他の部位のガストリン産生細胞か...  さらに読む     （ガストリン）， 肥満細胞症     肥満細胞症  肥満細胞症は，皮膚または他の組織および器官の肥満細胞浸潤である。症状は主にメディエーター放出に起因し，そう痒，紅潮，胃酸過剰分泌による消化不良などを含む。診断は皮膚もしくは骨髄の生検，またはその両方による。治療は抗ヒスタミン薬の投与，および基礎疾患の制御による。 （ アレルギー疾患およびアトピー性疾患の概要も参照のこと。） 肥満細胞症は，肥満細胞の増殖，および皮膚，他の器官，またはその両方への浸潤を特徴とする疾患群である。病理は主に，ヒ...  さらに読む        （ヒスタミン）， 甲状腺髄様癌     甲状腺髄様癌  甲状腺癌は主に4種類がある。大半の甲状腺癌は無症候性の結節として発現する。まれに，小さい甲状腺癌の主症状が，リンパ節，肺，または骨への転移により現れる。診断はしばしば穿刺吸引細胞診によって行われるが，他の検査を要する場合もある。治療は外科的切除により行い，通常はそれに続いて放射性ヨードで残存組織を破壊する。 （ 甲状腺機能の概要も参照のこと。） 甲状腺癌には主に次の4種類がある： 乳頭癌 濾胞癌  さらに読む     （カルシトニン，プロスタグランジン）， カルチノイド腫瘍     カルチノイド腫瘍の概要  カルチノイド腫瘍は，消化管（90％），膵臓， 気管支のほか，まれに泌尿生殖器においても神経内分泌細胞から発生する。消化管カルチノイド全体の95％以上が虫垂，回腸，直腸という3カ所から発生する。 カルチノイドはしばしば良性であるか，浸潤性であっても限局的であるが，回腸および気管支を侵すものは悪性であることが多い。悪性腫瘍は高分化型から低分化...  さらに読む     （ヒスタミン，セロトニン，ポリペプチド）などがある。これらのメディエーターのいくつか（例，プロスタグランジン，セロトニン，関連化合物）も小腸の通過，大腸の通過，またはその両方を促進する。""}",https://www.msdmanuals.com/professional/gastrointestinal-disorders/symptoms-of-gastrointestinal-disorders/diarrhea
86e0156173caed9fd0fcc9706a013aa2,"{""en"": ""Irritable bowel syndrome and centrally mediated abdominal pain syndrome cause pain that persists > 6 months without evidence of physiologic disease. The pathophysiology of these disorders is complex and seems to involve altered intestinal motility, increased visceral nociception, and psychologic factors. Visceral hyperalgesia refers to hypersensitivity to normal amounts of intraluminal distention and heightened perception of pain in the presence of normal quantities of intestinal gas; it may result from remodeling of neural pathways in the brain-gut axis."", ""vi"": ""Hội chứng ruột kích thích và đau bụng trung ương gây đau kéo dài > 6 tháng mà không có bằng chứng về tình trạng bất thường về sinh lý. Sinh lý bệnh của các rối loạn cơ năng này phức tạp và dường như liên quan đến thay đổi nhu động ruột, tăng khả năng nhận cảm đau của nội tạng và các yếu tố tâm lý. Tăng cảm giác đau nội tạng đề cập đến quá mẫn cảm với mức độ căng giãn trong lòng ống tiêu hóa và tăng cao cảm nhận đau khi có lượng khí bình thường trong đường ruột; nó có thể là kết quả của quá trình chỉnh sửa lại các con đường thần kinh ở trục não-ruột."", ""ja"": ""過敏性腸症候群と機能性腹痛は，器質的疾患の所見を認めない状態で6カ月以上持続する疼痛を引き起こす。これらの機能障害の病態生理は複雑であり，腸管運動の変化，内臓侵害受容の亢進，および心理的因子が関与していると考えられている。内臓痛覚過敏とは，正常量の管腔内膨張に対する過敏性や正常量の腸内ガスの存在下での痛覚過敏を指し，脳腸相関における神経経路のリモデリングの結果として生じる可能性がある。""}",https://www.msdmanuals.com/professional/gastrointestinal-disorders/symptoms-of-gastrointestinal-disorders/chronic-abdominal-pain-and-recurrent-abdominal-pain
e5f908403c6c9d40b90334d4f935f722,"{""en"": ""Headache, stiff neck, or mental status change"", ""vi"": ""Đau đầu, gáy cứng, hoặc thay đổi trạng thái tâm thần"", ""ja"": ""頭痛，項部硬直，または精神状態の変化""}",https://www.msdmanuals.com/professional/gastrointestinal-disorders/symptoms-of-gastrointestinal-disorders/nausea-and-vomiting
a1e4804c6d6b9ab40ae34c72050bc9f1,"{""en"": ""Patients with achalasia     Achalasia  Achalasia is a neurogenic esophageal motility disorder characterized by impaired esophageal peristalsis and a lack of lower esophageal sphincter relaxation during swallowing. Symptoms are slowly...  read more         or a Zenker diverticulum     Esophageal Diverticula  An esophageal diverticulum is an outpouching of mucosa through the muscular layer of the esophagus. It can be asymptomatic or cause dysphagia and regurgitation. Diagnosis is made by barium swallow...  read more         may regurgitate undigested food without nausea. In the majority of patients who do not have these obstructive esophageal conditions, the pathophysiology is poorly understood. The reverse peristalsis in ruminants has not been reported in humans. The disorder is probably a learned, maladaptive habit and may be part of an eating disorder. The person learns to open the lower esophageal sphincter and propel gastric contents into the esophagus and throat by increasing gastric pressure via rhythmic contraction and relaxation of the diaphragm."", ""vi"": ""Bệnh nhân không giãn được cơ trơn     Co thắt tâm vị  Co thắt tâm vị là một tình trạng rối loạn nhu động thực quản do thần kinh sinh ra, có biểu hiện là không có nhu động thực quản và không giãn cơ thắt thực quản dưới trong quá trình nuốt. Triệu...  đọc thêm         hoặc túi thừa Zenker     Túi thừa ở thực quản  Túi thừa thực quản là phần phồng ra của niêm mạc qua lớp cơ của thực quản. Bệnh có thể không có triệu chứng hoặc gây khó nuốt và trào ngược. Chẩn đoán bằng chụp X-quang thực quản nuốt bari;...  đọc thêm         có thể ựa ra thức ăn không được tiêu hóa mà không có buồn nôn. Ở đa số bệnh nhân không có tình trạng tắc thực quản, không rõ sinh lý bệnh. Nhu động đảo ngược ở động vật nhai lại chưa được báo cáo ở người. Tình trạng bất thường này có lẽ do thói quan không thích nghi tốt, đã được học và có thể là một phần của một tình trạng rối loạn về ăn uống. Người ta học cách mở cơ thắt thực quản dưới và đẩy các thành phần có trong dạ dày vào thực quản và họng bằng cách tăng áp lực dạ dày thông qua quá trình co giãn nhịp nhàng của cơ hoành."", ""ja"": ""臨床的評価""}",https://www.msdmanuals.com/professional/gastrointestinal-disorders/symptoms-of-gastrointestinal-disorders/rumination
579a320e39d6d284fdc7734225a0f713,"{""en"": ""For acid suppression: A proton pump inhibitor or H2 blocker"", ""vi"": ""Để giảm tiết acid: Thuốc ức chế bơm proton hoặc thuốc chẹn H2"", ""ja"": ""胃酸分泌抑制薬を用いた予防により，急性ストレス性胃炎の発生率を低下させることができる。しかしながら，予防が有益となる対象は主に一部の高リスクのICU患者であり，具体的には重度熱傷，中枢神経系外傷，凝固障害，敗血症，ショック，多発外傷，48時間を超える機械的人工換気，肝不全，腎不全，または多臓器不全がある患者や，消化性潰瘍または消化管出血の既往がある患者などである。""}",https://www.msdmanuals.com/professional/gastrointestinal-disorders/gastritis-and-peptic-ulcer-disease/erosive-gastritis
f577e676f224d889954ce23c0e8787b9,"{""en"": ""Methane is also produced by colonic bacterial metabolism of the same foods (eg, dietary fiber). However, about 10% of people have bacteria that produce methane but not hydrogen."", ""vi"": ""Mê-tan cũng được sản sinh bởi quá trình chuyển hóa của vi khuẩn ở đại tràng của cùng một loại thực phẩm (ví dụ: chế độ ăn nhiều chất xơ). Tuy nhiên, khoảng 10% số người có vi khuẩn sản sinh khí mê-tan thay vì hydro."", ""ja"": ""放屁中の水素およびメタンは可燃性であるにもかかわらず，火気の付近での作業は危険ではない。しかしながら，空腸手術，結腸手術，および大腸内視鏡検査時に，腸管洗浄が不十分な患者に対してジアテルミーを使用した際に，ガス爆発，さらには致死的な結果も報告されている。""}",https://www.msdmanuals.com/professional/gastrointestinal-disorders/symptoms-of-gastrointestinal-disorders/gas-related-complaints
e5f908403c6c9d40b90334d4f935f722,"{""en"": ""Chronic vomiting can result in undernutrition, weight loss, and metabolic abnormalities."", ""vi"": ""Nôn mạn tính có thể dẫn đến tình trạng suy dinh dưỡng, sụt cân và các bất thường về chuyển hóa."", ""ja"": ""慢性嘔吐は低栄養，体重減少，代謝異常を引き起こしうる。""}",https://www.msdmanuals.com/professional/gastrointestinal-disorders/symptoms-of-gastrointestinal-disorders/nausea-and-vomiting
f577e676f224d889954ce23c0e8787b9,"{""en"": ""Chronic, recurrent bloating or distention in a patient with abdominal pain that is related to defecation and associated with change in frequency or consistency of stool but without red flag findings suggests irritable bowel syndrome     Irritable Bowel Syndrome (IBS)  Irritable bowel syndrome is characterized by recurrent abdominal discomfort or pain with at least two of the following characteristics: relation to defecation, association with a change in frequency...  read more     ."", ""vi"": ""Chướng hoặc căng giãn bụng mạn tính, tái phát trên bệnh nhân bị đau bụng liên quan đến đại tiện và liên quan đến thay đổi tần suất hoặc độ đặc của phân mà không có dấu hiệu cảnh báo gợi ý hội chứng ruột kích thích     Hội chứng ruột kích thích (IBS)  Hội chứng ruột kích thích được đặc trưng bởi sự khó chịu hoặc đau bụng tái phát với ít nhất hai đặc điểm sau: liên quan đến đại tiện, liên quan đến số lần đại tiện, hoặc liên quan đến sự thay...  đọc thêm     ."", ""ja"": ""中高年の女性（または内診で異常を認める女性）で持続性の腹部膨満が新たに認められた場合は，卵巣がんを除外するために骨盤内超音波検査を施行すべきである。""}",https://www.msdmanuals.com/professional/gastrointestinal-disorders/symptoms-of-gastrointestinal-disorders/gas-related-complaints
f577e676f224d889954ce23c0e8787b9,"{""en"": ""There is great variability in the quantity and frequency of rectal gas passage. As with stool frequency, people who complain of flatulence often have a misconception of what is normal. The average number of gas passages is about 13 to 21/day. Objectively recording flatus frequency (using a diary kept by the patient) is a first step in evaluation."", ""vi"": ""Có sự thay đổi lớn về số lượng và tần suất khí đi qua trực tràng. Cũng như tần suất đại tiện, những người phàn nàn về chứng đầy hơi thường có quan niệm sai lầm về thế nào là bình thường. Lượng khí trung bình đi qua ruột khoảng từ 13 đến 21/ngày. Ghi nhận khách quan tần suất đầy hơi (bằng cách sử dụng nhật ký của bệnh nhân) là bước đánh giá đầu tiên."", ""ja"": ""「スライダー型」（混雑したエレベーター型）：ゆっくりと音もなく放たれ，ときに強い影響を与える""}",https://www.msdmanuals.com/professional/gastrointestinal-disorders/symptoms-of-gastrointestinal-disorders/gas-related-complaints
6458c2ba7153be2e763bae3ab0511cbe,"{""en"": ""Enterotoxigenic E. coli produces two toxins (one similar to cholera toxin) that cause watery diarrhea. This subtype is the most common cause of traveler's diarrhea     Traveler's Diarrhea  Traveler's diarrhea is gastroenteritis that is usually caused by bacteria endemic to local water. Symptoms include vomiting and diarrhea. Diagnosis is mainly clinical. Treatment is with replacement...  read more      in people visiting low- and middle-income countries."", ""vi"": ""E. coli sinh độc tố ruột sản sinh ra hai độc tố (một loại có đặc điểm giống độc tố tả) gây ra tiêu chảy phân toàn nước. Nhóm phụ này là nguyên nhân phổ biến nhất của tiêu chảy ở khách du lịch     Tiêu chảy ở khách du lịch  Tiêu chảy ở khách du lịch là viêm dạ dày ruột thường là do vi khuẩn đặc hữu với nước ở địa phương. Triệu chứng bao gồm nôn và tiêu chảy. Chẩn đoán chủ yếu dựa vào lâm sàng. Điều trị bằng ciprofloxacin...  đọc thêm      đến các nước có thu nhập thấp và thu nhập trung bình."", ""ja"": ""腸管感染症（特定の菌株のみ）""}",https://www.msdmanuals.com/professional/gastrointestinal-disorders/gastroenteritis/e-coli-gastroenteritis
e5f908403c6c9d40b90334d4f935f722,"{""en"": ""General examination should seek presence of jaundice and rash."", ""vi"": ""Khám toàn thân cần phải tìm xem có vàng da và ban không."", ""ja"": ""全身状態の観察では，黄疸および発疹がないか検討すべきである。""}",https://www.msdmanuals.com/professional/gastrointestinal-disorders/symptoms-of-gastrointestinal-disorders/nausea-and-vomiting
a994fe469cee57c8368bd121209c0a46,"{""en"": ""Asking patients about radiation of pain may help clarify the diagnosis. For example, pain radiating to the shoulder may reflect cholecystitis     Acute Cholecystitis  Acute cholecystitis is inflammation of the gallbladder that develops over hours, usually because a gallstone obstructs the cystic duct. Symptoms include right upper quadrant pain and tenderness...  read more      because the gallbladder may be irritating the diaphragm. Pain radiating to the back may reflect pancreatitis     Overview of Pancreatitis  Pancreatitis is classified as either acute or chronic. Acute pancreatitis is inflammation that resolves both clinically and histologically. Chronic pancreatitis is characterized by histologic...  read more     . Asking patients to describe the character of the pain (ie, sharp and constant, waves of dull pain) and the onset (sudden, such as resulting from a perforated viscus or ruptured ectopic pregnancy) can help differentiate causes."", ""vi"": ""Hỏi bệnh nhân về hướng lan của cơn đau có thể giúp làm rõ chẩn đoán. Ví dụ, đau lan lên vai có thể phản ánh viêm túi mật     Viêm túi mật cấp tính  Viêm túi mật cấp tính là viêm túi mật tiến triển vài giờ, thông thường vì sỏi gây tắc nghẽn ống mật. Các triệu chứng bao gồm đau hạ sườn phải và căng tức, kèm theo sốt, ớn lạnh, buồn nôn, và...  đọc thêm      vì túi mật đau có thể gây kích thích cơ hoành. Đau lan ra sau lưng có thể gợi ý viêm tụy     Tổng quan về viêm tụy  Viêm tụy được phân loại là cấp tính hoặc mạn tính. Viêm tụy cấp là tình trạng viêm được phát hiện bằng cả lâm sàng và mô học. Viêm tụy mạn tính được đặc trưng bởi các thay đổi mô học mà không...  đọc thêm     . Yêu cầu bệnh nhân mô tả đặc điểm của cơn đau (tức là đau nhói và liên tục, từng đợt đau âm ỉ) và khởi phát (đột ngột, chẳng hạn như do thủng tạng hoặc vỡ thai ngoài tử cung) có thể giúp phân biệt nguyên nhân."", ""ja"": ""痛みの放散に関する問診が診断を明確にするのに役立つ場合がある。例えば，胆嚢に基づく刺激感が横隔膜に波及することがあるため，肩に放散する痛みは 胆嚢炎     急性胆嚢炎  急性胆嚢炎は，数時間で発生する胆嚢の炎症であり，通常は胆石が胆嚢管を閉塞することで生じる。症状としては右上腹部の疼痛および圧痛などがあり，ときに発熱，悪寒，悪心，および嘔吐を伴う。腹部超音波検査により胆石のほか，それに付随する炎症がときに検出される。治療は通常，抗菌薬と胆嚢摘出術である。...  さらに読む     を反映している可能性がある。背部に放散する痛みは 膵炎     膵炎の概要  膵炎は急性または慢性のいずれかに分類される。 急性膵炎では，炎症が臨床的および組織学的のいずれにおいても消失する。 慢性膵炎は，不可逆的かつ進行性の組織学的変化を特徴とし，膵内外分泌機能に大幅な低下を来す。慢性膵炎患者は，急性疾患の急性増悪（flare-up）を起こすことがある。...  さらに読む     を反映している可能性がある。痛みの性質（すなわち，鋭く持続的，鈍痛の波）および発生様式（内臓穿孔または異所性妊娠の破裂などに起因するような突然の痛み）を患者に報告してもらうことが原因の鑑別に役立つ。""}",https://www.msdmanuals.com/professional/gastrointestinal-disorders/approach-to-the-gastrointestinal-patient/evaluation-of-the-gastrointestinal-patient
f577e676f224d889954ce23c0e8787b9,"{""en"": ""Testing for carbohydrate intolerance (eg, lactose, fructose) with breath tests should be considered particularly when the history suggests significant consumption of these sugars. Testing for small intestinal bacterial overgrowth should also be considered, particularly in patients who also have diarrhea, weight loss, or both, preferably by aerobic and anaerobic culture of small-bowel aspirates obtained during upper GI endoscopy. Testing for bacterial overgrowth with hydrogen breath tests, generally glucose-hydrogen breath tests, is prone to false-positive (ie, with rapid transit) and false-negative (ie, when there are no hydrogen-producing bacteria) results. Testing for rare conditions such as sucrase-isomaltase deficiency can be considered in patients with refractory or severe symptoms (1     Evaluation reference  The gut contains < 200 mL of gas, whereas daily gas expulsion averages 600 to 700 mL after consuming a standard diet plus 200 g of baked beans. About 75% of flatus is derived from colonic...  read more     )."", ""vi"": ""Kiểm tra về không dung nạp carbohydrate (ví dụ: lactose, fructose) với xét nghiệm hơi thở cần phải được xem xét, đặc biệt là khi bệnh sử gợi ý sử dụng đáng kể các loại đường này. Cũng nên xem xét việc kiểm tra sự phát triển quá mức của vi khuẩn ruột non, đặc biệt trên những bệnh nhân cũng bị tiêu chảy, sụt cân, hoặc cả hai, tốt nhất là bằng cách nuôi cấy cả ở môi trường hiếu khí và kị khí dịch hút ra ở ruột non thu được trong quá trình nội soi đường tiêu hóa trên. Việc kiểm tra sự phát triển quá mức của vi khuẩn bằng xét nghiệm hơi thở hydrogen, nhìn chung xét nghiệm hơi thở hydro- glucose, có khuynh hướng dương tính giả (tức là khi thức ăn di chuyển qua nhanh) và âm tính giả (tức là khi không có vi khuẩn sinh ra hydro). Có thể cân nhắc xét nghiệm các tình trạng hiếm gặp như thiếu hụt sucrase-isomaltase ở những bệnh nhân mắc các triệu chứng khó chịu hoặc nặng (1     Tài liệu tham khảo về đánh giá  Ruột chứa < 200 mL khí, trong khi đó hơi ra thải hàng ngày trung bình từ 600 đến 700 mL sau khi tiêu thụ chế độ ăn tiêu chuẩn cộng với 200 g đậu nướng. Khoảng 75% hơi trong ruột xuất phát...  đọc thêm     )."", ""ja"": ""過度の放屁の訴えは，誘因物質の回避によって治療される（ Professional.see table ガス関連の愁訴の主な原因     ガス関連の愁訴の主な原因          ）。大腸通過を促進させることを目的として食物繊維（例，ブラン，オオバコ種子）を食事に加えてもよいが，患者によっては症状が悪化することがある。活性炭はときにガスおよび不快臭の軽減に役立つが，衣類および口腔粘膜に染みをつける。炭入り下着が入手可能である。プロバイオティクスも腸内細菌叢を調整することにより腹部膨満および鼓腸を軽減することがあるが，この領域のデータは限られている。腸内細菌異常増殖が証明されている患者では抗菌薬が有用である。""}",https://www.msdmanuals.com/professional/gastrointestinal-disorders/symptoms-of-gastrointestinal-disorders/gas-related-complaints
242c9adba6ea4354756784a83e9ac102,"{""en"": ""Antidiarrheal medications are contraindicated in patients with fever or bloody stools and in children < 2 years of age."", ""vi"": ""Thuốc chống tiêu chảy bị chống chỉ định ở những bệnh nhân bị sốt hoặc phân có máu và ở trẻ em < 2 tuổi."", ""ja"": ""旅行者は，安全性に定評があるレストランで食事をすべきであり，街頭で販売される飲食物の摂取は避けるべきである。また，加熱調理されて，まだ湯気が上がっている熱い食物，皮をむいて食べる果物，密封されたボトルで提供され，氷を入れていない炭酸飲料（炭酸飲料以外のボトル飲料には悪徳業者が水道水を足していることがある）を摂取すべきであり，生野菜（特にテーブルの上に放置されたサルサソースを含む）の摂取は避けるべきである。ビュッフェおよびファストフードレストランは，リスクが高くなる。""}",https://www.msdmanuals.com/professional/gastrointestinal-disorders/gastroenteritis/traveler%e2%80%99s-diarrhea
86e0156173caed9fd0fcc9706a013aa2,"{""en"": ""Testing is guided by clinical features."", ""vi"": ""Xét nghiệm được chỉ định theo những đặc điểm lâm sàng."", ""ja"": ""検査は臨床的特徴を参考にして行う。""}",https://www.msdmanuals.com/professional/gastrointestinal-disorders/symptoms-of-gastrointestinal-disorders/chronic-abdominal-pain-and-recurrent-abdominal-pain
fc502833c9583db7ac293a1209a89b06,"{""en"": ""Neck or throat pain"", ""vi"": ""Đau ở cổ hoặc ở họng"", ""ja"": ""頸部または咽頭痛""}",https://www.msdmanuals.com/professional/gastrointestinal-disorders/symptoms-of-gastrointestinal-disorders/lump-in-throat
a1e4804c6d6b9ab40ae34c72050bc9f1,"{""en"": ""Diagnosis reference"", ""vi"": ""Tài liệu tham khảo chẩn đoán"", ""ja"": ""反芻症では，少量の食物（ほとんどの場合，食後15～30分の時点）が胃から逆流し（通常，不随意に），これを再び咀嚼し，ほとんどの場合，再び嚥下する。""}",https://www.msdmanuals.com/professional/gastrointestinal-disorders/symptoms-of-gastrointestinal-disorders/rumination
e5f908403c6c9d40b90334d4f935f722,"{""en"": ""Nausea and vomiting occur in response to conditions that affect the vomiting center. Causes may originate in the gastrointestinal (GI) tract or central nervous system (CNS) or may result from a number of systemic conditions ( see Table: Some Causes of Nausea and Vomiting     Some Causes of Nausea and Vomiting          )."", ""vi"": ""Buồn nôn và nôn xảy ra khi đáp ứng với các điều kiện ảnh hưởng đến trung tâm nôn. Nguyên nhân có thể xuất phát từ đường tiêu hoá (GI) hoặc hệ thần kinh trung ương (CNS) hoặc có thể là kết quả của một số tình trạng toàn thân ( xem Bảng: Một số nguyên nhân gây buồn nôn và nôn     Một số nguyên nhân gây buồn nôn và nôn          )."", ""ja"": ""悪心および嘔吐は，嘔吐中枢に影響を及ぼす病態に反応して起こる。原因は消化管または中枢神経系に由来することがあり，またはいくつかの全身性疾患（ Professional.see table 悪心および嘔吐の主な原因     悪心および嘔吐の主な原因          ）の結果として生じることもある。""}",https://www.msdmanuals.com/professional/gastrointestinal-disorders/symptoms-of-gastrointestinal-disorders/nausea-and-vomiting
e9bdae9fc65f4d6a93de8e4fe05dbf8d,"{""en"": ""Empiric treatment with an acid blocker is reasonable for patients < 60 without red flag findings; patients who do not respond in 4 to 8 weeks require further evaluation."", ""vi"": ""Điều trị theo kinh nghiệm bằng thuốc chẹn axit thích hợp cho bệnh nhân < 60 tuổi không có dấu hiệu cảnh báo; những bệnh nhân không có đáp ứng trong 4 đến 8 tuần cần phải được đánh giá thêm."", ""ja"": ""60歳未満でレッドフラグサインのない患者には制酸薬による経験的治療が妥当であり，4～8週間の治療に反応しない場合，さらなる評価が必要である。""}",https://www.msdmanuals.com/professional/gastrointestinal-disorders/symptoms-of-gastrointestinal-disorders/dyspepsia
fc502833c9583db7ac293a1209a89b06,"{""en"": ""Progressive worsening of symptoms"", ""vi"": ""Các triệu chứng tiến triển trầm trọng hơn"", ""ja"": ""症状の進行性の悪化""}",https://www.msdmanuals.com/professional/gastrointestinal-disorders/symptoms-of-gastrointestinal-disorders/lump-in-throat
73fae687a6e5f0024e8d2f7e0f78b631,"{""en"": ""2. GBD 2016 Diarrhoeal Disease Collaborators: Estimates of the global, regional, and national morbidity, mortality, and aetiologies of diarrhoea in 195 countries: A systematic analysis for the Global Burden of Disease Study 2016. Lancet Infect Dis 18(11):1211–1228, 2018. doi: 10.1016/S1473-3099(18)30362-1"", ""vi"": ""2. GBD 2016 Diarrhoeal Disease Collaborators: Estimates of the global, regional, and national morbidity, mortality, and aetiologies of diarrhoea in 195 countries: A systematic analysis for the Global Burden of Disease Study 2016. Lancet Infect Dis 18(11):1211–1228, 2018. doi: 10.1016/S1473-3099(18)30362-1"", ""ja"": ""ロタウイルスは，幼児における脱水を伴う重度の散発性下痢症の原因として世界的に最も頻度が高い（発生のピークは生後3～15カ月）。米国では ルーチンのロタウイルス予防接種     ロタウイルスワクチン  ロタウイルスワクチンは，ロタウイルス感染症によって引き起こされる 胃腸炎を予防する目的で乳児への接種が推奨される。 詳細については，Rotavirus Advisory Committee on Immunization Practices Vaccine RecommendationsおよびCenters...  さらに読む     の導入以降，発生率が約80％低下した。ロタウイルスは非常に感染性が高く，大半は糞口感染で生じる。成人は，感染した乳児との濃厚な接触によって感染することがある。成人は一般に軽症である。潜伏期間は1～3日である。温帯気候では，ほとんどの感染が冬に発生する。米国では，ロタウイルス感染症の流行は毎年11月に南西部から始まり，3月に北東部で終わる。""}",https://www.msdmanuals.com/professional/gastrointestinal-disorders/gastroenteritis/overview-of-gastroenteritis
95bd442a3da264072ee27562f8e608d9,"{""en"": ""Evaluation reference"", ""vi"": ""Tài liệu tham khảo về đánh giá"", ""ja"": ""評価に関する参考文献""}",https://www.msdmanuals.com/professional/gastrointestinal-disorders/symptoms-of-gastrointestinal-disorders/diarrhea
70b44f66615499a9a60899c91efda7f4,"{""en"": ""The diagnosis is almost always made clinically based on the onset of typical symptoms shortly after eating a potentially contaminated food (eg, restaurant meal)."", ""vi"": ""Chẩn đoán hầu như luôn được thực hiện trên lâm sàng dựa trên sự khởi phát của các triệu chứng điển hình ngay sau khi ăn một thực phẩm có khả năng bị ô nhiễm (ví dụ, bữa ăn tại nhà hàng)."", ""ja"": ""便検査""}",https://www.msdmanuals.com/professional/gastrointestinal-disorders/gastroenteritis/staphylococcal-food-poisoning
a994fe469cee57c8368bd121209c0a46,"{""en"": ""Associated nonspecific symptoms, such as fever     Fever  Fever is an elevated body temperature that occurs when the body's thermostat (located in the hypothalamus) resets at a higher temperature, primarily in response to an infection. Elevated body...  read more      or weight loss     Involuntary Weight Loss  Involuntary weight loss generally develops over weeks or months. It can be a sign of a significant physical or mental disorder and is associated with an increased risk for mortality. The causative...  read more     , must be assessed. Unintentional weight loss is an associated symptom that may indicate a more severe problem such as cancer, and the clinician should be prompted to do a more extensive evaluation."", ""vi"": ""Các triệu chứng liên quan, không đặc hiệu, như sốt     Sốt  Sốt là tình trạng nhiệt độ cơ thể tăng cao xảy ra khi bộ điều nhiệt của cơ thể (nằm ở vùng dưới đồi) đặt lại ở nhiệt độ cao hơn, chủ yếu để phản ứng với tình trạng nhiễm trùng. Nhiệt độ cơ thể...  đọc thêm      hoặc sút cân     Giảm cân ngoài ý muốn  Giảm cân ngoài ý muốn thường tiến triển trong vài tuần hoặc vài tháng. Nó có thể là một dấu hiệu của một rối loạn thể chất hoặc tinh thần đáng kể và làm tăng nguy cơ tử vong. Nguyên nhân của...  đọc thêm      cần phải được đánh giá. Sút cân là một triệu chứng liên quan có thể chỉ ra một vấn đề nghiêm trọng hơn như là ung thư, và bác sĩ nên được nhắc nhở để đánh giá toàn diện hơn."", ""ja"": ""発熱     発熱  発熱とは，体温の上昇（例，口腔温 > 37.8℃または直腸温 > 38.2℃）ないしは個人の日常的な正常値を超えた体温上昇のことである。発熱は，身体の温度調節機構（視床下部にある）が正常より高い温度にリセットされることで発生する現象であり，その原因として最も多いのが感染に対する反応である。視床下部の体温設定値（セットポイント）...  さらに読む     や 体重減少     意図しない体重減少  意図しない体重減少は，一般的に数週間または数カ月にわたり生じる。それは重大な身体疾患または精神障害の徴候であることがあり，死亡のリスク増加に関連している。原因となる疾患は明らかなこともあり（例， 吸収不良症候群による慢性下痢），潜在的であることもある（例，未診断のがん）。本章では，既知の慢性疾患（例，転移性のがん，末期の慢性閉塞性肺疾患［...  さらに読む     といった随伴する非特異的な症状も評価しなければならない。体重減少は，がんなどのより重大な問題を示唆している可能性がある随伴症状であり，より詳細な評価を迅速に行うべきである。""}",https://www.msdmanuals.com/professional/gastrointestinal-disorders/approach-to-the-gastrointestinal-patient/evaluation-of-the-gastrointestinal-patient
e9bdae9fc65f4d6a93de8e4fe05dbf8d,"{""en"": ""A patient presenting with a single, acute episode of dyspepsia is of concern, particularly if symptoms are accompanied by dyspnea, diaphoresis, or tachycardia; such patients may have acute coronary ischemia. Chronic symptoms that occur with exertion and are relieved by rest may represent angina."", ""vi"": ""Một bệnh nhân có biểu hiện một đợt khó tiêu cấp tính đơn độc cần phải được quan tâm, đặc biệt là nếu các triệu chứng kèm theo như khó thở, vã mồ hôi hoặc nhịp tim nhanh; những bệnh nhân đó có thể bị thiếu máu mạch vành cục bộ cấp tính. Các triệu chứng mạn tính xảy ra khi gắng sức và giảm khi nghỉ ngơi có thể là biểu hiện của cơn đau thắt ngực."", ""ja"": ""急性の消化不良（dyspepsia）が単発的にみられた患者には注意が必要であり，とりわけ呼吸困難，発汗，または頻脈を伴う場合は特に注意すべきであり，このような患者には急性冠動脈虚血が生じている可能性がある。慢性症状が労作時に出現し，休息により軽減する場合には，狭心症の可能性がある。""}",https://www.msdmanuals.com/professional/gastrointestinal-disorders/symptoms-of-gastrointestinal-disorders/dyspepsia
95bd442a3da264072ee27562f8e608d9,"{""en"": ""Diarrhea occurs when unabsorbable, water-soluble solutes remain in the bowel and retain water. Such solutes include polyethylene glycol, magnesium salts (hydroxide and sulfate), and sodium phosphate, which are used as laxatives. Osmotic diarrhea occurs with sugar intolerance (eg, lactose intolerance     Carbohydrate Intolerance  Carbohydrate intolerance is the inability to digest certain carbohydrates due to a lack of one or more intestinal enzymes. Symptoms include diarrhea, abdominal distention, and flatulence. Diagnosis...  read more      caused by lactase deficiency). Ingesting large amounts of hexitols (eg, sorbitol, mannitol, xylitol) or high fructose corn syrups, which are used as sugar substitutes in candy, gum, and fruit juices, causes osmotic diarrhea because hexitols are poorly absorbed. Lactulose, which is used as a laxative, causes diarrhea by a similar mechanism. Overingesting certain foodstuffs ( see Table: Some Causes of Diarrhea*     Some Causes of Diarrhea*          ) can cause osmotic diarrhea."", ""vi"": ""Tiêu chảy xảy ra khi không thể hấp thu được, các chất tan trong nước còn lại trong ruột và giữ nước. Các chất hòa tan đó bao gồm polyethylene glycol, muối magiê (hydroxit và sulfat) và phốt phát natri, được sử dụng làm thuốc nhuận tràng. Tiêu chảy thẩm thấu xảy ra khi không dung nạp đường (ví dụ: không dung nạp lactose     Không dung nạp carbohydrate  Không dung nạp carbohydrate là không có khả năng tiêu hóa một số loại carbohydrate do thiếu một hoặc nhiều enzym đường ruột. Các triệu chứng bao gồm tiêu chảy, chướng bụng và đầy hơi. Chẩn đoán...  đọc thêm      do thiếu men lactase). Dùng một lượng lớn hexitol (ví dụ: sorbitol, mannitol, xylitol) hoặc siro ngô có hàm lượng fructose cao, được sử dụng làm chất thay thế đường trong kẹo, kẹo cao su và nước ép trái cây, gây tiêu chảy thẩm thấu vì hexitol được hấp thu kém. Lactulose, được sử dụng như thuốc nhuận tràng, gây ra tiêu chảy theo cơ chế tương tự. Ăn nhiều một số thức ăn nhất định ( xem Bảng: Một số nguyên nhân gây tiêu chảy*     Một số nguyên nhân gây tiêu chảy*          ) có thể gây tiêu chảy thẩm thấu."", ""ja"": ""下痢は，非吸収性の水溶性溶質が腸内に残留して水分を貯留させる場合に起こる。そのような溶質としては，ポリエチレングリコール，マグネシウム塩（水酸化マグネシウムおよび硫酸マグネシウム），リン酸ナトリウムなどがあり，これらは緩下薬として使用される。浸透圧性下痢は糖不耐症（例，ラクターゼの欠乏による 乳糖不耐症     炭水化物不耐症  炭水化物不耐症は，腸内酵素が少なくとも1つ欠損しているために，特定の炭水化物を消化できない状態である。症状としては下痢，腹部膨隆，鼓腸などがある。診断は臨床所見と水素呼気試験による。治療は原因の二糖類を食事から除去することである。 炭水化物不耐症は 吸収不良症候群の一種である。 正常では，二糖類は小腸上皮細胞の刷子縁に存在する二糖類分解酵素（例，ラクターゼ，マルターゼ，イソマルターゼ，スクラーゼ［インベルターゼ］）によって単糖類に分解さ...  さらに読む     ）で起こる。ヘキシトール（例，ソルビトール，マンニトール，キシリトール）または高果糖コーンシロップは，キャンディー，ガム，およびフルーツジュースに砂糖の代用品として使用されているが，吸収されにくいため，大量に摂取すると浸透圧性下痢が起こる。緩下薬として使用されているラクツロースも同様の機序により下痢を引き起こす。特定の食品（ Professional.see table 下痢の主な原因*     下痢の主な原因*          ）の過剰摂取によって浸透圧性下痢が起こることがある。""}",https://www.msdmanuals.com/professional/gastrointestinal-disorders/symptoms-of-gastrointestinal-disorders/diarrhea
bbeb64b954c09afdb1c0804de2301fe8,"{""en"": ""In adults the symptoms of rotavirus gastroenteritis are usually mild. In children, the diarrhea is more likely to cause severe dehydration     Dehydration in Children  Dehydration is significant depletion of body water and, to varying degrees, electrolytes. Symptoms and signs include thirst, lethargy, dry mucosa, decreased urine output, and, as the degree...  read more      and even death."", ""vi"": ""Ở người lớn, các triệu chứng của viêm dạ dày ruột do rotavirus thường nhẹ. Ở trẻ em, tiêu chảy có nhiều khả năng gây mất nước     Mất nước ở trẻ em  Mất nước là sự giảm đáng kể lượng nước cơ thể, và ở mức độ khác nhau có kèm theo giảm cả các chất điện giải. Triệu chứng và dấu hiệu bao gồm khát, li bì, niêm mạc khô, giảm lượng nước tiểu,...  đọc thêm      nặng và thậm chí tử vong."", ""ja"": ""胃腸炎は，胃，小腸，および大腸の粘膜組織に炎症が生じる病態である。大半の症例が感染性胃腸炎であるが，薬剤や化学的毒性物質（例，金属，植物性物質）の摂取後に発生する場合もある。感染は食品，水，またはヒトからヒトの経路を介して成立する。米国では，毎年6人に1人が食中毒にかかると推定されている。症状としては食欲不振，悪心，嘔吐，下痢，腹部不快感などがある。診断は臨床所見または便培養によるが，ポリメラーゼ連鎖反応（PCR）検査と免疫測定法の利用が増加している。治療は対症療法であるが，一部の寄生虫感染症および一部の細菌感染症は特異的な感染症治療を行う必要がある。""}",https://www.msdmanuals.com/professional/gastrointestinal-disorders/gastroenteritis/rotavirus-gastroenteritis
f577e676f224d889954ce23c0e8787b9,"{""en"": ""Belching and bloating are difficult to relieve because they are usually caused by unconscious aerophagia or increased sensitivity to normal amounts of gas. Aerophagia may be reduced by eliminating gum and carbonated beverages, cognitive behavioral techniques to prevent air swallowing, and management of associated upper GI diseases (eg, peptic ulcer). Foods containing unabsorbable carbohydrates should be avoided. Even lactose-intolerant patients generally tolerate up to 1 glass of milk drunk in small amounts throughout the day. The mechanism of repeated belching should be explained and demonstrated. When aerophagia is troublesome, behavioral therapy to encourage open-mouth, diaphragmatic breathing and minimize swallowing may be effective."", ""vi"": ""Khó làm giảm ợ hơi và chướng bụng vì các vấn đề này thường do chứng nuốt hơi không ý thức hoặc tăng nhạy cảm với lượng khí bình thường gây ra. Chứng nuốt hơi có thể được giảm bớt bằng cách loại bỏ kẹo cao su và đồ uống có ga, kỹ thuật nhận thức hành vi để ngăn ngừa nuốt không khí và xử trí các bệnh lý đường tiêu hóa trên có liên quan (ví dụ: loét dạ dày). Cần phải tránh các loại thức ăn chứa carbohydrate không hấp thụ. Ngay cả những bệnh nhân không dung nạp lactose cũng thường dung nạp đến 1 ly sữa uống với lượng nhỏ trong suốt cả ngày. Cần giải thích và chứng minh cơ chế ợ hơi lặp đi lặp lại. Khi chứng nuốt hơi gây phiền hà, liệu pháp hành vi để khuyến khích mở miệng, hít thở bằng cơ hoành và giảm thiểu nuốt có thể có hiệu quả."", ""ja"": ""高齢患者では新規発生した持続性症状に注意する。""}",https://www.msdmanuals.com/professional/gastrointestinal-disorders/symptoms-of-gastrointestinal-disorders/gas-related-complaints
73fae687a6e5f0024e8d2f7e0f78b631,"{""en"": ""Infectious gastroenteritis may be caused by viruses, bacteria, or parasites. Many specific organisms are discussed further in the Infectious Diseases section."", ""vi"": ""Viêm dạ dày-ruột có thể do vi rút, vi khuẩn, ký sinh trùng gây ra. Nhiều sinh vật cụ thể được thảo luận thêm trong Phần bệnh truyền nhiễm."", ""ja"": ""アストロウイルスは年齢層を問わず感染しうるが，通常は乳幼児に感染する。感染は冬に最も多い。糞口感染により発生する。潜伏期間は3～4日である。""}",https://www.msdmanuals.com/professional/gastrointestinal-disorders/gastroenteritis/overview-of-gastroenteritis
ab27fba9f1b59ceacc73a0474599ca7a,"{""en"": ""Possibly trial with a brief course of osmotic laxatives"", ""vi"": ""Có thể điều trị thử với liệu trình thuốc nhuận tràng thẩm thấu trong thời gian ngắn"", ""ja"": ""同定された疾患は全て治療すべきである。""}",https://www.msdmanuals.com/professional/gastrointestinal-disorders/symptoms-of-gastrointestinal-disorders/constipation
e5f908403c6c9d40b90334d4f935f722,"{""en"": ""Nausea, the unpleasant feeling of needing to vomit, represents awareness of afferent stimuli (including increased parasympathetic tone) to the medullary vomiting center. Vomiting is the forceful expulsion of gastric contents caused by involuntary contraction of the abdominal musculature when the gastric fundus and lower esophageal sphincter are relaxed."", ""vi"": ""Buồn nôn, cảm giác khó chịu cần phải nôn, biểu hiện nhận thức về kích thích hướng tâm (bao gồm tăng trương lực phó giao cảm) vào trung tâm nôn ở hành tủy. Nôn là quá trình tống mạnh các thành phần có trong dạ dày do co thắt không tự chủ của cơ thành bụng khi cơ thắt tâm vị và cơ thắt thực quản dưới giãn ra."", ""ja"": ""悪心は，嘔吐しそうな不快感で，延髄嘔吐中枢の求心性刺激（副交感神経緊張亢進など）の認識を表す。嘔吐は，胃内容物を強制的に排出させる運動で，胃底部および下部食道括約筋が弛緩している時点で腹筋系が不随意収縮することで起こる。""}",https://www.msdmanuals.com/professional/gastrointestinal-disorders/symptoms-of-gastrointestinal-disorders/nausea-and-vomiting
73fae687a6e5f0024e8d2f7e0f78b631,"{""en"": ""Acute inflammatory diarrhea without gross blood can be recognized by the presence of leukocytes on stool examination. Patients should have stool culture for typical enteric pathogens (eg, Salmonella     Overview of Salmonella Infections  The genus Salmonella is divided into 2 species, S. enterica and S. bongori, which include > 2500 known serotypes. Some of these serotypes are named. In such cases, common...  read more     , Shigella     Shigellosis  Shigellosis is an acute infection of the intestine caused by the gram-negative Shigella species. Symptoms include fever, nausea, vomiting, tenesmus, and diarrhea that is usually bloody...  read more     , Campylobacter     Campylobacter and Related Infections  Campylobacter infections typically cause self-limited diarrhea but occasionally cause bacteremia, with consequent endocarditis, osteomyelitis, or septic arthritis. Diagnosis is by culture...  read more     , E. coli     Escherichia coli Infections  The gram-negative bacterium Escherichia coli is the most numerous aerobic commensal inhabitant of the large intestine. Certain strains cause diarrhea, and all can cause infection when...  read more     )."", ""vi"": ""Tiêu chảy cấp do viêm không có máu đại thể có thể được phát hiện bởi sự hiện diện của bạch cầu trong soi phân. Bệnh nhân cần phải cấy phân tìm các mầm bệnh đường ruột điển hình (ví dụ: Salmonella     Tổng quan về nhiễm trùng Salmonella  Chi Salmonella được chia thành 2 loài, S. enterica và S. bongori, bao gồm hơn 2500 kiểu huyết thanh đã biết. Một số loại typ huyết thanh đã được đặt tên. Trong nhiều trường...  đọc thêm     , Shigella     Bệnh lỵ  Lỵ trực khuẩn là một nhiễm trùng ruột cấp tính do loài Shigella gây ra. Các triệu chứng bao gồm sốt, buồn nôn, nôn mửa, mót rặn và tiêu chảy thường có máu. Chẩn đoán dựa vào lâm sàng...  đọc thêm     , Campylobacter     Campylobacter and Related Infections  Nhiễm Campylobacter thường gây ra tiêu chảy và đôi khi gây vãng khuẩn huyết, viêm nội tâm mạc nhiễm khuẩn, viêm tủy xương, hoặc viêm khớp nhiễm khuẩn. Chẩn đoán là qua nuôi cấy, thường...  đọc thêm     , E. coli     Nhiễm khuẩn do Escherichia coli  Vi khuẩn gram âm Escherichia coli là sinh vật sống chung hiếu khí nhiều nhất trong ruột già. Một số chủng gây tiêu chảy và tất cả có thể gây nhiễm trùng khi xâm nhập vào các vùng vô trùng...  đọc thêm     )."", ""ja"": ""大半の患者で必要になる治療は支持療法のみである。トイレまたは便器がすぐ利用できる状態での床上安静が望ましい。経口ブドウ糖電解質液，ブロス，またはブイヨンにより，脱水の予防または軽度脱水の治療が可能である。嘔吐している場合でも，これらの液体を少量ずつ頻回に摂取すべきであり，水分補充とともに嘔吐が軽減する可能性がある。大腸菌（E. coli）O157:H7感染症の患者に対しては，等張性輸液を用いた水分補給により，溶血性尿毒症症候群が発生した場合の腎障害の重症度が軽減する可能性がある。小児はより迅速に脱水症状に陥る可能性があり，適切な水分補給液（数種類が市販されている― Professional.see page 経口補液     経口補液  経口補液療法は，静注療法に比べて効果的で安全，便利，かつ安価である。経口補液療法は米国小児科学会（American Academy of Pediatrics）およびWHOにより推奨されており，軽度から中等度の脱水のある経口摂取が可能な小児では，頻回の嘔吐または基礎疾患（例，急性腹症，...  さらに読む     ）を与えるべきである。炭酸飲料およびスポーツドリンクは，ブドウ糖とナトリウムの配合比が適正でなく，そのため不適切であり，5歳未満の小児には特に不適切である。母乳栄養の場合は，授乳を継続すべきである。嘔吐が長引く場合または重度の脱水が顕著な場合は，水分および電解質の静脈内投与による補充が必要である（ Professional.see page 輸液蘇生（fluid resuscitation）     輸液蘇生（fluid resuscitation）  ほぼ全ての循環 ショック状態では，重度の血管内容量減少（例，下痢または熱中症による）と同様に，大量の輸液が必要となる。血管内容量の欠乏は血管収縮によって強力に代償され，それに続いて，数時間に及ぶ血管外から血管内への体液移動があり，体内総水分量を費やして循環体液量が維持される。しかしながら，大量に体液が喪失されると，この代償機構では追いつか...  さらに読む     ）。""}",https://www.msdmanuals.com/professional/gastrointestinal-disorders/gastroenteritis/overview-of-gastroenteritis
6401095c270f348e62c7afb898466a22,"{""en"": ""Metaplasia"", ""vi"": ""Chuyển sản"", ""ja"": ""化生""}",https://www.msdmanuals.com/professional/gastrointestinal-disorders/gastritis-and-peptic-ulcer-disease/nonerosive-gastritis
73fae687a6e5f0024e8d2f7e0f78b631,"{""en"": ""Recent travel"", ""vi"": ""Chuyến đi gần đây"", ""ja"": ""これらの各カテゴリーで原因微生物を同定できるマルチプレックスポリメラーゼ連鎖反応（PCR）法のプラットフォームが用いられることが増えてきている。しかし，この検査は高価であり，カテゴリーは臨床的に鑑別可能であることから，下痢の種類および持続期間に応じて特異的な微生物に対する検査を行う方が通常は費用対効果が高い。さらに，ポリメラーゼ連鎖反応（PCR）検査を行っても抗菌薬感受性試験が可能になるわけではない。""}",https://www.msdmanuals.com/professional/gastrointestinal-disorders/gastroenteritis/overview-of-gastroenteritis
17b573930a1c560ed790c2d5ee756c00,"{""en"": ""(See also Overview of Gastroenteritis     Overview of Gastroenteritis  Gastroenteritis is inflammation of the lining of the stomach and small and large intestines. Most cases are infectious, although gastroenteritis may occur after ingestion of drugs, medications...  read more     .)"", ""vi"": ""(Xem thêm Tổng quan về viêm dạ dày ruột     Tổng quan về viêm dạ dày ruột  Viêm dạ dày ruột là viêm lớp niêm mạc dạ dày, ruột non và đại tràng. Hầu hết các trường hợp đều do nhiễm trùng, mặc dù viêm dạ dày ruột có thể xảy ra sau uống thuốc và nuốt phải chất độc hoá...  đọc thêm     .)"", ""ja"": ""様々な 植物     植物中毒  一般に生えている植物のうち少数は非常に高い毒性を有し，多くの植物は中程度の毒性を有する（ 中程度の毒性の植物の表を参照）。特異的な解毒剤のある植物中毒はほとんどない。植物の摂取では， 中程度の毒性の植物の表に記載されている植物も含めて，葉やその他の部分を濃縮してペースト状にしたり煎じて茶にしない限り，その結果生じる症状はほとんどの場合軽微である。 毒性が高く致死的となりうる植物には以下のものがある：...  さらに読む     および キノコ     キノコ中毒  多くの種のキノコが，摂取されると中毒を引き起こす。症状は種によって異なる。具体的な種の同定は困難なため，治療は通常，症状に応じて行う。 （ 中毒の一般原則も参照のこと。） 野生で有毒な種と無毒の種を区別することは，非常に知識が豊富な人でさえ難しい。民間伝承の法則は信用できず，同じ種でもどこでいつ採取したかによって毒性の程度が異なることがある。同定していないキノコを患者が摂取した場合は，種の同定が特異的な治療法の決定に役立つことがある。し...  さらに読む     が胃腸炎主体の症候群を引き起こす。""}",https://www.msdmanuals.com/professional/gastrointestinal-disorders/gastroenteritis/drug-related-gastroenteritis-and-chemical-related-gastroenteritis
ab27fba9f1b59ceacc73a0474599ca7a,"{""en"": ""In general, osmotic laxatives are reasonably safe even when used regularly. However, sodium phosphate should not be used for bowel cleansing because it may rarely cause acute renal failure even after a single use for bowel preparation. These events occurred primarily in older patients, those with preexisting renal disease, and those who were taking drugs that affect renal perfusion or function (eg, diuretics, angiotensin-converting enzyme inhibitors, angiotensin II receptor blockers). Also, magnesium and phosphate are partially absorbed and may be detrimental in some conditions (eg, renal insufficiency). Sodium (in some preparations) may exacerbate heart failure. In large or frequent doses, these drugs may upset fluid and electrolyte balance. Another approach to cleansing the bowel for diagnostic tests or surgery or sometimes for chronic constipation uses large volumes of a balanced osmotic agent (eg, polyethylene glycol–electrolyte solution) given orally or via nasogastric tube."", ""vi"": ""Nói chung, thuốc nhuận tràng thẩm thấu khá an toàn ngay cả khi được sử dụng thường xuyên. Tuy nhiên, không nên dùng phốt phát natri để làm sạch ruột bởi vì thuốc có thể gây suy thận cấp hiếm gặp ngay cả sau khi dùng một lần duy nhất để chuẩn bị ruột. Những biến cố này xảy ra chủ yếu trên bệnh nhân cao tuổi, những người có bệnh thận trước đó và những người đang dùng thuốc có ảnh hưởng đến tưới máu hoặc chức năng thận (ví dụ: thuốc lợi tiểu, thuốc ức chế men chuyển angiotensin, thuốc chẹn thụ thể angiotensin II). Ngoài ra, magiê và phốt phát cũng bị hấp thụ một phần và có thể gây bất lợi trong một số tình trạng bệnh lý (ví dụ: suy thận). Natri (trong một số chế phẩm) có thể làm suy tim trầm trọng thêm. Khi sử dụng với số lượng lớn hoặc thường xuyên, các thuốc này có thể gây mất cân bằng nước và điện giải. Một cách tiếp cận khác để làm sạch ruột chuẩn bị cho các kiểm tra chẩn đoán hoặc phẫu thuật hoặc đôi khi là để điều trị táo bón mạn tính sử dụng một lượng lớn thuốc thẩm thấu cân bằng (ví dụ: dung dịch polyethylene glycol-điện giải) cho uống hoặc bơm qua ống thông mũi-dạ dày."", ""ja"": ""分泌性または刺激性下剤（例，フェノールフタレイン，ビサコジル，アントラキノン系，ヒマシ油）は，腸粘膜を刺激することによって，または粘膜下神経叢および筋層間神経叢を直接刺激することによって作用する。フェノールフタレインは，動物試験で発がん性が示唆された後に米国市場から撤去されたが，ヒトにおける疫学的エビデンスはない。ビサコジルは慢性便秘に対する効果的なレスキュー薬である。センナ，カスカラサグラダ，アロエ，およびダイオウに含まれるアントラキノン類は，ハーブおよびOTC医薬品としての緩下薬の一般的な成分である。これらは結腸まで無変化で通過し，ここで細菌代謝により活性型に変換される。""}",https://www.msdmanuals.com/professional/gastrointestinal-disorders/symptoms-of-gastrointestinal-disorders/constipation
f575da3fcdc8835a13ecafa42cc16026,"{""en"": ""1. Drossman DA: Functional gastrointestinal disorders: History, pathophysiology, clinical features, and Rome IV. Gastroenterology 150:1262–1279, 2016. doi: 10.1053/j.gastro.2016.02.032"", ""vi"": ""2. Drossman DA: 2012 David Sun Lecture: Helping your patient by helping yourself: How to improve the patient-physician relationship by optimizing communication skills. Am J Gastroenterol 108:521–528, 2013. doi: 10.1038/ajg.2013.56"", ""ja"": ""2.Drossman DA: 2012 David Sun Lecture: Helping your patient by helping yourself: How to improve the patient-physician relationship by optimizing communication skills.Am J Gastroenterol 108:521–528, 2013.doi: 10.1038/ajg.2013.56.""}",https://www.msdmanuals.com/professional/gastrointestinal-disorders/approach-to-the-gastrointestinal-patient/disorders-of-gut-brain-interaction
922e717f8253cd6f930882ed3dbe44ab,"{""en"": ""Examination is usually unrewarding but should seek signs of chronic disease (eg, cachexia). A full neurologic examination is important."", ""vi"": ""Việc thăm khám thường xuyên không được khuyến khích nhưng cần phải tìm các dấu hiệu của bệnh mạn tính (ví dụ: suy mòn). Khám thần kinh toàn diện là rất quan trọng."", ""ja"": ""診察は通常，あまり得るものがないが，慢性疾患（例，悪液質）の徴候がないか検討すべきである。徹底した神経学的診察が重要である。""}",https://www.msdmanuals.com/professional/gastrointestinal-disorders/symptoms-of-gastrointestinal-disorders/hiccups
6065320a3692796320d7922989f1383c,"{""en"": ""Isotonic IV fluids such as Ringer's lactate and normal saline solution should be given when there is severe dehydration, hypovolemic shock, or altered mental status and ileus or failure of oral rehydration therapy (see also the Infectious Diseases Society of America's [IDSA] 2017 clinical practice guidelines for the diagnosis and management of infectious diarrhea). In severe dehydration, IV rehydration should be continued until pulse, perfusion, and mental status normalize."", ""vi"": ""Cần cho truyền tĩnh mạch dịch đẳng trương như Ringer's lactate và dung dịch nước muối sinh lý theo đường tĩnh mạch khi có tình trạng mất nước nghiêm trọng, sốc giảm thể tích, hoặc trạng thái tinh thần thay đổi và tắc ruột hoặc thất bại trong điều trị bù nước bằng đường uống (xem thêm 2017 clinical practice guidelines for the diagnosis and management of infectious diarrhea của Infectious Diseases Society of America [IDSA]). Trong trường hợp mất nước nặng, nên tiếp tục bù nước qua đường tĩnh mạch cho đến khi mạch, tình trạng tưới máu và trạng thái tinh thần bình thường trở lại."", ""ja"": ""ノロウイルスはあらゆる年齢の人に感染する。ロタウイルスワクチンの導入以来，米国では小児を含めて，ノロウイルスが急性胃腸炎の最も一般的な原因となっている。感染は1年を通して発生するが，80％が11月から4月までに起きている。ノロウイルスは現在，全ての年齢層で散発性および流行性ウイルス性胃腸炎の第一の原因となっているが，そのピーク年齢は生後6～18カ月である。飲料水や食品を介した大規模なアウトブレイクが発生する。ノロウイルスは非常に感染性が高いため，ヒトからヒトへの伝播も起こる。大型客船および介護施設での胃腸炎の流行は，大半がこのウイルスによるものである。潜伏期間は24～48時間である。""}",https://www.msdmanuals.com/professional/gastrointestinal-disorders/gastroenteritis/norovirus-gastroenteritis
f575da3fcdc8835a13ecafa42cc16026,"{""en"": ""Disorders of gut-brain interaction are characterized by gastrointestinal symptoms of visceral hypersensitivity factors, such as motility disturbance, altered microbiota, mucosal and immune function, and disordered central nervous system processing. Diagnosis is clinical. Treatment is behavior modification for mild symptoms and pharmacologic therapy for more pronounced symptoms."", ""vi"": ""Thông thường là không tìm thấy những bất thường đo lường được về sinh lý hoặc cấu trúc ở những bệnh nhân có các triệu chứng tiêu hóa, thậm chí sau khi đã đánh giá tổng thể. Những bệnh nhân này được cho là có bệnh chức năng, chiếm từ 30 đến 50% các trường hợp được gửi đến các bác sĩ chuyên khoa tiêu hóa."", ""ja"": ""しばしば，消化管の愁訴につながる客観的に測定可能な器質的または生理学的異常が（広範な評価を行っても）認められないことがある。そのような患者は機能性疾患を有しているとされ，消化器専門医への紹介の30～50％を占めている。""}",https://www.msdmanuals.com/professional/gastrointestinal-disorders/approach-to-the-gastrointestinal-patient/disorders-of-gut-brain-interaction
ab27fba9f1b59ceacc73a0474599ca7a,"{""en"": ""Evaluation references"", ""vi"": ""Tài liệu tham khảo đánh giá"", ""ja"": ""評価に関する参考文献""}",https://www.msdmanuals.com/professional/gastrointestinal-disorders/symptoms-of-gastrointestinal-disorders/constipation
fc502833c9583db7ac293a1209a89b06,"{""en"": ""Muscle weakness"", ""vi"": ""Yếu cơ"", ""ja"": ""筋力低下""}",https://www.msdmanuals.com/professional/gastrointestinal-disorders/symptoms-of-gastrointestinal-disorders/lump-in-throat
a994fe469cee57c8368bd121209c0a46,"{""en"": ""Dysphagia     Dysphagia  Dysphagia is difficulty swallowing. The condition results from impeded transport of liquids, solids, or both from the pharynx to the stomach. Dysphagia should not be confused with globus sensation...  read more"", ""vi"": ""Khó nuốt"", ""ja"": ""嚥下困難""}",https://www.msdmanuals.com/professional/gastrointestinal-disorders/approach-to-the-gastrointestinal-patient/evaluation-of-the-gastrointestinal-patient
ab27fba9f1b59ceacc73a0474599ca7a,"{""en"": ""The following English-language resources may be useful. Please note that THE MANUAL is not responsible for the content of these resources."", ""vi"": ""Sau đây là các tài nguyên tiếng Anh có thể hữu ích. Vui lòng lưu ý rằng CẨM NANG không chịu trách nhiệm về nội dung của các tài nguyên này."", ""ja"": ""排便困難は排便が困難な状態である。患者は，便の存在および便意を感じるが，排便できない。骨盤底筋と肛門括約筋の協調が欠けているために起こる。診断には直腸肛門の検査が必要である。治療は困難であるが，バイオフィードバックが有益となりうる。""}",https://www.msdmanuals.com/professional/gastrointestinal-disorders/symptoms-of-gastrointestinal-disorders/constipation
f577e676f224d889954ce23c0e8787b9,"{""en"": ""The “slider” (crowded elevator type), which is released slowly and noiselessly, sometimes with devastating effect"", ""vi"": ""Kiểu \""Thanh trượt\"" (kiểu thang máy đông đúc), được phóng thích chậm và không ồn ào, đôi khi có tác động mạnh"", ""ja"": ""「バーク」型（ある私信に記載）：絶叫的な鋭い噴出が特徴で，効果的に会話を中断（しばしば終了）させる（芳香性は顕著な特徴ではない）""}",https://www.msdmanuals.com/professional/gastrointestinal-disorders/symptoms-of-gastrointestinal-disorders/gas-related-complaints
95bd442a3da264072ee27562f8e608d9,"{""en"": ""Acute diarrhea (< 4 days) typically does not require testing. Exceptions are patients with signs of dehydration, bloody stool, fever, severe pain, hypotension, or toxic features—particularly those who are very young or very old. These patients should have a complete blood count and measurement of electrolytes, blood urea nitrogen, and creatinine. Stool samples should be collected for microscopy, culture, and, if antibiotics have been taken recently, C. difficile toxin assay."", ""vi"": ""Tiêu chảy cấp (< 4 ngày) thường không cần phải làm xét nghiệm. Trừ trường hợp bệnh nhân có dấu hiệu mất nước, phân toàn máu, sốt, đau dữ dội, hạ huyết áp, hoặc có các biểu hiện của ngộ độc - đặc biệt là những người rất trẻ hoặc rất già. Những bệnh nhân này cần phải được làm công thức máu và đo các chất điện giải, nitơ urê máu và creatinine. Cần phải lấy mẫu phân để soi trên kính hiển vi, nuôi cấy và nếu đã dùng kháng sinh, xét nghiệm tìm độc tố C. difficile."", ""ja"": ""急性下痢（4日未満）は典型的には検査を必要としない。例外は，脱水の徴候，血便，発熱，重度の疼痛，低血圧，または毒性の特徴を有する患者，特に非常に若い患者または非常に高齢の患者である。これらの患者では，血算と電解質，血中尿素窒素，およびクレアチニンの測定を行うべきである。鏡検および培養のために，また抗菌薬を最近使用していた場合はC. difficile毒素検査用として，便検体を採取すべきである。""}",https://www.msdmanuals.com/professional/gastrointestinal-disorders/symptoms-of-gastrointestinal-disorders/diarrhea
ab27fba9f1b59ceacc73a0474599ca7a,"{""en"": ""Emollient agents (eg, docusate, mineral oil) act slowly to soften stools, making them easier to pass. However, they are not potent stimulators of defecation. Docusate is a surfactant, which allows water to enter the fecal mass to soften and increase its bulk."", ""vi"": ""Thuốc làm mềm phân (ví dụ: docusate, dầu khoáng) có tác dụng chậm để làm mềm phân, khiến cho việc bài xuất phân dễ dàng hơn. Tuy nhiên, các loại thuốc này không phải là thuốc kích thích đại tiện mạnh. Docusate là một loại thuốc có hoạt tính bề mặt, cho phép nước xâm nhập vào khối phân để làm mềm và tăng khối lượng phân."", ""ja"": ""末梢性μオピオイド受容体拮抗薬（PAMORA；例，メチルナルトレキソン，ナロキセゴール［naloxegol］，ナルデメジン）は，他の方法では消失しないオピオイド誘発性便秘の治療に使用できる。アルビモパン（alvimopan）は，術後イレウスの治療を目的とする手術患者への病院での短期使用に利用可能である。""}",https://www.msdmanuals.com/professional/gastrointestinal-disorders/symptoms-of-gastrointestinal-disorders/constipation
e9bdae9fc65f4d6a93de8e4fe05dbf8d,"{""en"": ""Alternating constipation and diarrhea with dyspepsia suggests irritable bowel syndrome     Irritable Bowel Syndrome (IBS)  Irritable bowel syndrome is characterized by recurrent abdominal discomfort or pain with at least two of the following characteristics: relation to defecation, association with a change in frequency...  read more      or excessive use of over-the-counter laxatives or antidiarrheals."", ""vi"": ""Xen kẽ giữa táo bón và tiêu chảy kèm theo khó tiêu gợi ý hội chứng ruột kích thích     Hội chứng ruột kích thích (IBS)  Hội chứng ruột kích thích được đặc trưng bởi sự khó chịu hoặc đau bụng tái phát với ít nhất hai đặc điểm sau: liên quan đến đại tiện, liên quan đến số lần đại tiện, hoặc liên quan đến sự thay...  đọc thêm      hoặc sử dụng quá nhiều thuốc nhuận tràng hoặc thuốc chống tiêu chảy không kê đơn."", ""ja"": ""消化不良とともに便秘と下痢が交互に起こる場合は， 過敏性腸症候群     過敏性腸症候群（IBS）  過敏性腸症候群は，繰り返す腹部不快感または腹痛を特徴とし，さらに排便との関連性，排便頻度の変化との関連性，または便の硬さの変化との関連性という特徴のうち少なくとも2つが認められる。原因は不明であり，病態生理も完全には解明されていない。診断は臨床的に行う。治療は対症療法であり，食事管理と薬剤投与（抗コリン薬やセロトニン受容体に作用する薬剤な...  さらに読む     かOTC医薬品の緩下薬または止瀉薬の過剰使用が示唆される。""}",https://www.msdmanuals.com/professional/gastrointestinal-disorders/symptoms-of-gastrointestinal-disorders/dyspepsia
73fae687a6e5f0024e8d2f7e0f78b631,"{""en"": ""Enterotoxins are produced by certain species (eg, Vibrio cholerae, enterotoxigenic strains of E. coli) that adhere to intestinal mucosa without invading. These toxins impair intestinal absorption and cause secretion of electrolytes and water by stimulating adenylate cyclase, resulting in watery diarrhea. C. difficile     Overview of Clostridial Infections  Clostridia are spore-forming, gram-positive, anaerobic bacilli present widely in dust, soil, and vegetation and as normal flora in mammalian gastrointestinal tracts. Pathogenic species produce...  read more      produces a similar toxin."", ""vi"": ""Độc tố ruột được tạo ra bởi một số loài nhất định (ví dụ: Vibrio cholerae, các chủng vi khuẩn sinh độc tố ruột của E. coli) bám vào niêm mạc ruột non mà không xâm nhập vào. Những chất độc này làm suy giảm khả năng hấp thụ của ruột và gây bài tiết chất điện giải và nước bằng cách kích thích men adenylate cyclase, dẫn đến tiêu chảy phân toàn nước. C. difficile     Tổng quan về Nhiễm trùng Clostridial  Clostridia là loại trực khuẩn kỵ khí, gram dương, dạng bào tử, hiện diện rộng rãi trong bụi, đất, thảm thực vật và là hệ thực vật bình thường trong đường tiêu hóa của động vật có vú. Các loài...  đọc thêm      cũng sản xuất một độc tố tương tự."", ""ja"": ""腸管病原性大腸菌（E. coli）は，水様性下痢を引き起こす。この亜型は，かつては保育所における下痢症のアウトブレイクの一般的な原因であったが，現在ではまれである。""}",https://www.msdmanuals.com/professional/gastrointestinal-disorders/gastroenteritis/overview-of-gastroenteritis
6065320a3692796320d7922989f1383c,"{""en"": ""Norovirus is the most common cause of acute viral gastroenteritis in the United States in all age groups."", ""vi"": ""Norovirus là nguyên nhân phổ biến nhất gây viêm dạ dày ruột cấp tính do vi rút ở Hoa Kỳ ở mọi lứa tuổi."", ""ja"": ""アストロウイルスは年齢層を問わず感染しうるが，通常は乳幼児に感染する。感染は冬に最も多い。糞口感染により発生する。潜伏期間は3～4日である。""}",https://www.msdmanuals.com/professional/gastrointestinal-disorders/gastroenteritis/norovirus-gastroenteritis
6065320a3692796320d7922989f1383c,"{""en"": ""1. Centers for Disease Control and Prevention (CDC): Norovirus Burden and Trends. Accessed May 12, 2023."", ""vi"": ""1. Centers for Disease Control and Prevention (CDC): Gánh nặng và xu hướng của Norovirus Truy cập ngày 12 tháng 5 năm 2023."", ""ja"": ""便検査""}",https://www.msdmanuals.com/professional/gastrointestinal-disorders/gastroenteritis/norovirus-gastroenteritis
95bd442a3da264072ee27562f8e608d9,"{""en"": ""Certain findings raise suspicion of an organic or more serious etiology of diarrhea:"", ""vi"": ""Một số dấu hiệu nhất định cho nghi ngờ về nguyên nhân gây tiêu chảy là một cơ quan hoặc trầm trọng hơn:"", ""ja"": ""特定の所見を認める場合には，下痢の病因として器質的な病態や重篤な病態の疑いが高まる：""}",https://www.msdmanuals.com/professional/gastrointestinal-disorders/symptoms-of-gastrointestinal-disorders/diarrhea
922e717f8253cd6f930882ed3dbe44ab,"{""en"": ""Rarely, a serious disorder is present."", ""vi"": ""Hiếm khi có rối loạn nghiêm trọng."", ""ja"": ""まれに，重篤な疾患が存在する。""}",https://www.msdmanuals.com/professional/gastrointestinal-disorders/symptoms-of-gastrointestinal-disorders/hiccups
242c9adba6ea4354756784a83e9ac102,"{""en"": ""Generally, antibiotics are not necessary for mild diarrhea. However, in patients with moderate to severe diarrhea (≥ 3 loose stools over 8 hours), antibiotics are given, especially if vomiting, abdominal cramps, fever, or bloody stools are present. For adults, recommended oral antibiotics include ciprofloxacin 500 mg 2 times a day for 3 days or levofloxacin 500 mg once a day for 3 days, although fluoroquinolone resistance appears to be increasing in some areas, particularly in Campylobacter. Alternatives include azithromycin 500 mg once a day for 3 days or rifaximin 200 mg 3 times a day for 3 days. For children, azithromycin 5 to 10 mg/kg once a day for 3 days is preferred. (See also an expert panel's 2017 guidelines for the prevention and treatment of travelers' diarrhea.)"", ""vi"": ""Nói chung, thuốc kháng sinh không cần thiết trong tiêu chảy nhẹ. Tuy nhiên, ở những bệnh nhân bị tiêu chảy từ vừa đến nặng (≥ 3 lần đi ngoài phân lỏng trong 8 giờ), kháng sinh được cho dụng, đặc biệt nếu có nôn ói, đau quặn bụng, sốt, hoặc phân có máu. Đối với người lớn, khuyến cáo kháng sinh uống nên dùng bao gồm ciprofloxacin 500 mg uống 2 lần/ngày trong 3 ngày hoặc levofloxacin 500 mg uống một lần/ngày trong 3 ngày, mặc dù kháng thuốc fluoroquinolon dường như đang gia tăng ở một số khu vực đặc biết với Campylobacter. Có thể dùng azithromycin 500mg 1 lần/ngày trong 3 ngày hoặc dùng rifaximin 200 mg 3 lần/ngày trong 3 ngày. Đối với trẻ em, nên dùng azithromycin 5 đến 10 mg/kg uống 1 lần/ngày trong 3 ngày. (Xem thêm Hướng dẫn phòng ngừa và điều trị tiêu chảy ở khách du lịch năm 2017 của một hội đồng chuyên gia.)"", ""ja"": ""抗菌薬の予防投与は下痢の予防に効果的であるが，有害作用と耐性菌の出現が懸念されるため，その使用はおそらく易感染性患者に限定すべきである。""}",https://www.msdmanuals.com/professional/gastrointestinal-disorders/gastroenteritis/traveler%e2%80%99s-diarrhea
70b44f66615499a9a60899c91efda7f4,"{""en"": ""Symptoms of staphylococcal food poisoning begin rapidly after ingestion of contaminated food because they are caused by a preformed enterotoxin present in the food. The symptoms typically begin 30 minutes to 8 hours after eating the contaminated food. Nausea and vomiting with abdominal cramps are most common. Diarrhea usually occurs. The symptoms usually resolve within 1 day."", ""vi"": ""Các triệu chứng của ngộ độc thực phẩm do tụ cầu bắt đầu nhanh chóng sau khi ăn phải thực phẩm bị ô nhiễm vì các triệu chứng này do một độc tố ruột đã được hình thành sẵn có trong thực phẩm gây ra. Các triệu chứng thường bắt đầu từ 30 phút đến 8 giờ sau khi ăn thực phẩm bị ô nhiễm. Buồn nôn và nôn kèm theo đau quặn bụng là phổ biến nhất. Thường xảy ra tiêu chảy. Các triệu chứng thường hết trong vòng 1 ngày."", ""ja"": ""ウイルス性胃腸炎""}",https://www.msdmanuals.com/professional/gastrointestinal-disorders/gastroenteritis/staphylococcal-food-poisoning
ab27fba9f1b59ceacc73a0474599ca7a,"{""en"": ""In many patients, constipation is associated with sluggish movement of stool through the colon. This delay may be due to drugs, organic conditions, or a disorder of defecatory function (ie, pelvic floor dysfunction), or a disorder that results from diet ( see Table: Foods Often Affecting Gastrointestinal Function     Foods Often Affecting Gastrointestinal Function          ). Patients with disordered defecation     Dyschezia  Constipation is difficult or infrequent passage of stool, hardness of stool, or a feeling of incomplete evacuation. (See also Constipation in Children.) No bodily function is more variable and...  read more      do not generate adequate rectal propulsive forces, do not relax the puborectalis and the external anal sphincter during defecation, or both. In IBS, patients have symptoms (eg, abdominal discomfort and altered bowel habits) but generally normal colonic transit and anorectal functions. However, IBS-disordered defecation may coexist."", ""vi"": ""Ở nhiều bệnh nhân, táo bón có liên quan đến quá trình di chuyển chậm của phân qua đại tràng. Sự chậm trễ này có thể là do thuốc, các tình trạng bất thường thực thể, hoặc rối loạn chức năng đại tiện (ví dụ: rối loạn chức năng của sàn chậu) hoặc rối loạn do chế độ ăn ( xem Bảng: Thực phẩm thường ảnh hưởng đến chức năng hệ tiêu hóa     Thực phẩm thường ảnh hưởng đến chức năng hệ tiêu hóa          ). Bệnh nhân bị đại tiện bất thường     Khó đại tiện  Táo bón là khó khăn hoặc giảm tần suất đại tiện, phân cứng, hoặc cảm giác tống phân không hết. (Xem thêm Táo bón ở trẻ em.) Không có chức năng cơ thể nào có nhiều biến đổi và chịu ảnh hưởng...  đọc thêm      không tạo ra lực đẩy mạnh thích hợp ra khỏi trực tràng, không làm giãn cơ mu-trực tràng và cơ thắt hậu môn ngoài khi đại tiện, hoặc cả hai. Trong hội chứng ruột kích thích, bệnh nhân có các triệu chứng (ví dụ: cảm giác khó chịu ở bụng và thay đổi thói quen đại tiện) nhưng nhìn chung thức ăn di chuyển qua đại tràng và chức năng của hậu môn trực tràng bình thường. Tuy nhiên, đại tiện theo rối loạn của hội chứng ruột kích thích có thể cùng tồn tại."", ""ja"": ""多くの患者では，便秘は大腸の便通過の遅延と関連する。この遅延は，薬剤，器質的病態，排便機能の障害（すなわち，骨盤底機能不全），または食事によってもたらされる疾患に起因することがある（ Professional.see table 消化管機能にしばしば影響する食物     消化管機能にしばしば影響する食物          ）。 排便障害     排便困難  便秘は，排便が困難，排便回数が少ない，便が硬い，残便感がある状態である。（ 小児の便秘も参照のこと。） 排便ほど変化に富み，外部の影響を受けやすい身体機能はない。排便習慣は人によって大幅に異なり，年齢，生理機能，食事，社会的および文化的影響を受ける。何の根拠もなく排便習慣のことばかり考えている人もいる。欧米では，正常な排便回数は2～3回/日から2～3回/週である。 多くの人が，毎日排便がなければならないと誤解し，排便回数がそれよりも少な...  さらに読む     のある患者は，直腸で十分な蠕動力を生み出せないか，排便時に恥骨直腸筋および外肛門括約筋を弛緩できないか，またはその両方である。過敏性腸症候群（IBS）では，患者は症状（例，腹部不快感および排便習慣の変化）を有するが，一般に結腸通過および直腸肛門機能は正常である。しかしながら，IBSと排便障害が併存することもある。""}",https://www.msdmanuals.com/professional/gastrointestinal-disorders/symptoms-of-gastrointestinal-disorders/constipation
bbeb64b954c09afdb1c0804de2301fe8,"{""en"": ""Oral or IV fluids"", ""vi"": ""Dịch theo đường uống hoặc đường tĩnh mạch"", ""ja"": ""ノロウイルス""}",https://www.msdmanuals.com/professional/gastrointestinal-disorders/gastroenteritis/rotavirus-gastroenteritis
73fae687a6e5f0024e8d2f7e0f78b631,"{""en"": ""Probiotics reference"", ""vi"": ""Tài liệu tham khảo về lợi khuẩn"", ""ja"": ""胃腸炎は通常，不快であるものの自然治癒する疾患である。電解質および水分の喪失は，その他の点では正常である成人にとっては通常ごくわずかな不都合にすぎないが，非常に低年齢の者（ Professional.see page 小児における脱水     小児における脱水  脱水とは体内水分量が著しく欠乏している状態のことであり，程度は様々であるが電解質も欠乏している状態である。症状および徴候として，口渇，嗜眠，粘膜の乾燥，尿量の減少，および，脱水の程度が進行するにつれて，頻脈，低血圧，ショックなどが現れる。診断は病歴と身体診察に基づく。治療は，経口または静注での水分および電解質補充により行う。...  さらに読む     ），高齢者，易感染者，重篤な合併症を有する患者では重篤化する可能性がある。推定では世界全体で毎年150万～250万人の小児が感染性胃腸炎で死亡しており (1     総論の参考文献  胃腸炎は，胃，小腸，および大腸の粘膜組織に炎症が生じる病態である。大半の症例が感染性胃腸炎であるが，薬剤や化学的毒性物質（例，金属，植物性物質）の摂取後に発生する場合もある。感染は食品，水，またはヒトからヒトの経路を介して成立する。米国では，毎年6人に1人が食中毒にかかると推定されている。症状としては食欲不振，悪心，嘔吐，下痢，腹部不快感...  さらに読む     )，この数字は依然として高いものの，過去の死亡率と比較すると2分の1から4分の1である。この減少は，世界の多くの地域で水の衛生状態が改善したこと，および下痢の乳児に対する経口補水療法の適切な使用によってもたらされている可能性が高い。""}",https://www.msdmanuals.com/professional/gastrointestinal-disorders/gastroenteritis/overview-of-gastroenteritis
bbeb64b954c09afdb1c0804de2301fe8,"{""en"": ""Clinical course may last 5 to 7 days."", ""vi"": ""Diễn biến lâm sàng có thể kéo dài từ 5 đến 7 ngày."", ""ja"": ""易感染性患者では，他のウイルス（例， サイトメガロウイルス     サイトメガロウイルス（CMV）感染症  サイトメガロウイルス（CMV，ヒトヘルペスウイルス5型）は，重症度に大きな幅のある感染症を引き起こす。伝染性単核球症に類似するが重度の咽頭炎を欠いた症候群がよくみられる。HIV感染患者，臓器移植レシピエント，およびその他の易感染性患者において，網膜炎など重度の局所疾患が生じうる。新生児および易感染性患者では，重度の全身性疾患が発生すること...  さらに読む     ， エンテロウイルス     エンテロウイルス感染症の概要  エンテロウイルスは，ライノウイルス（ 感冒を参照）およびヒトパレコウイルスとともに，ピコルナウイルス科（小さな［pico］RNAウイルス）に属する。ヒトパレコウイルス1型および2型は，かつてはエコーウイルス22型および23型と呼ばれていたが，現在ではパレコウイルスに再分類されている。全てのエンテロウイルスは不均一な抗原性を有...  さらに読む     ）も胃腸炎を引き起こす可能性がある。""}",https://www.msdmanuals.com/professional/gastrointestinal-disorders/gastroenteritis/rotavirus-gastroenteritis
95bd442a3da264072ee27562f8e608d9,"{""en"": ""Eluxadoline, which has mu-opioid receptor agonist and delta-opioid receptor antagonist effects, can be used to treat diarrhea-predominant IBS. The dose is 100 mg orally 2 times a day (75 mg 2 times a day if the 100-mg dose cannot be tolerated). It should not be used in patients who have had a cholecystectomy or a history of pancreatitis. Patients with diarrhea-predominant IBS may also be given the antibiotic rifaximin 550 mg orally 3 times a day for 14 days."", ""vi"": ""Eluxadoline, có tác dụng chủ vận thụ thể mu-opioid và tác dụng đối kháng thụ thể delta-opioid, có thể được sử dụng để điều trị IBS chủ yếu là tiêu chảy. Liều là 100 mg uống 2 lần/ngày (75 mg 2 lần/ngày nếu liều 100 mg không thể dung nạp được). Không nên sử dụng thuốc này trên những bệnh nhân đã cắt bỏ túi mật hoặc có tiền sử viêm tụy. Bệnh nhân IBS chủ yếu là tiêu chảy cũng có thể được dùng kháng sinh rifaximin 550 mg, uống 3 lần/ngày trong 14 ngày."", ""ja"": ""μオピオイド受容体作動薬の作用とδオピオイド受容体拮抗薬の作用を有するエルクサドリン（eluxadoline）は，IBSに関連した下痢の治療に使用できる。用量は100mg，1日2回（100mgで耐えられない場合は75mg，1日2回）である。胆嚢摘出術の既往がある患者に使用してはならない。""}",https://www.msdmanuals.com/professional/gastrointestinal-disorders/symptoms-of-gastrointestinal-disorders/diarrhea
a994fe469cee57c8368bd121209c0a46,"{""en"": ""The inguinal area and all surgical scars should be palpated for hernias     Hernias of the Abdominal Wall  A hernia of the abdominal wall is a protrusion of the abdominal contents through an acquired or congenital area of weakness or defect in the wall. Many hernias are asymptomatic, but some become...  read more        ."", ""vi"": ""Vùng bẹn và tất cả các vết sẹo phẫu thuật cần phải được khám để tìm thoát vị     Thoát vị thành bụng  Thoát vị của thành bụng là sự nhô ra của các tạng trong ổ bụng qua một vùng thành bụng yếu hoặc khuyết tật bẩm sinh. Nhiều thoát vị không có triệu chứng, nhưng một số trường hợp bị kẹt hoặc...  đọc thêm        ."", ""ja"": ""鼠径部および全ての手術瘢痕を触診して， ヘルニア     腹壁ヘルニア  腹壁ヘルニアは，腹壁の後天的または先天的な脆弱または欠損部位から腹腔内臓器が脱出した状態である。多くのヘルニアは無症状であるが，一部のヘルニアは嵌頓または絞扼状態となり，疼痛を引き起こし，直ちに手術を行う必要がある。診断は臨床的に行う。治療は待機的な外科的修復である。 （ 急性腹痛も参照のこと。）...  さらに読む        がないか確認すべきである。""}",https://www.msdmanuals.com/professional/gastrointestinal-disorders/approach-to-the-gastrointestinal-patient/evaluation-of-the-gastrointestinal-patient
ab27fba9f1b59ceacc73a0474599ca7a,"{""en"": ""Possibly discontinuation of causative drugs (some may be necessary)"", ""vi"": ""Có thể ngưng sử dụng các thuốc gây triệu chứng (một số có thể vẫn cần thiết)"", ""ja"": ""食物繊維の増加""}",https://www.msdmanuals.com/professional/gastrointestinal-disorders/symptoms-of-gastrointestinal-disorders/constipation
e5f908403c6c9d40b90334d4f935f722,"{""en"": ""History of present illness should elicit frequency and duration of vomiting; its relation to possible precipitants such as drug or toxin ingestion, head injury, and motion (eg, car, plane, boat, amusement rides); and whether vomitus contained bile (bitter, yellow-green) or blood (red or “coffee ground” material). Important associated symptoms include presence of abdominal pain and diarrhea, the last passage of stool and flatus, and presence of headache, vertigo, or both."", ""vi"": ""Tiền sử của bệnh hiện tại cần phải đưa ra tần suất và thời gian nôn; mối quan hệ của nó với các chất gây khởi phát có khả năng xảy ra như là nuốt phải thuốc hoặc chất độc, chấn thương đầu và sự di chuyển (ví dụ: xe hơi, máy bay, thuyền, các phương tiện giải trí); và chất nôn có chứa mật không (đắng, vàng xanh) hoặc chứa máu không (chất màu đỏ hoặc màu \""cà phê\""). Các triệu chứng quan trọng kèm theo bao gồm có đau bụng và tiêu chảy; lần cuối cùng đại tiện và đánh hơi và có đau đầu, chóng mặt, hoặc cả hai."", ""ja"": ""現病歴の聴取では，嘔吐の頻度と期間，薬物または毒素の摂取，頭部損傷，および乗り物（例，車，飛行機，船，遊園地の遊具）などの考えられる原因との関係，および吐物に胆汁（苦い，黄緑色）または血液（赤色または「コーヒー残渣」様物質）が混じっているかについて尋ねるべきである。重要な随伴症状として，腹痛および下痢の有無，最後の排便および放屁，ならびに頭痛および回転性めまいの有無などがある。""}",https://www.msdmanuals.com/professional/gastrointestinal-disorders/symptoms-of-gastrointestinal-disorders/nausea-and-vomiting
86e0156173caed9fd0fcc9706a013aa2,"{""en"": ""Chronic abdominal pain (CAP) is pain that persists for more than 3 months either continuously or intermittently. Intermittent pain may be referred to as recurrent abdominal pain (RAP). Acute abdominal pain     Acute Abdominal Pain  Abdominal pain is common and often inconsequential. Acute and severe abdominal pain, however, is almost always a symptom of intra-abdominal disease. It may be the sole indicator of the need...  read more      is discussed elsewhere. CAP occurs any time after 5 years of age. Up to 10% of children require evaluation for RAP. About 2% of adults, predominantly women, have CAP (a much higher percentage of adults have some type of chronic gastrointestinal [GI] symptoms, including nonulcer dyspepsia and various bowel disturbances)."", ""vi"": ""Đau bụng mạn tính (Chronic abdominal pain, CAP) kéo dài hơn 3 tháng liên tục hoặc ngắt quãng. Đau bụng không liên tục có thể xem như đau bụng tái phát (RAP). Đau bụng cấp     Đau bụng cấp tính  Đau bụng thường gặp và thường không quan trọng. Tuy nhiên, đau bụng dữ dội và cấp tính hầu như luôn là triệu chứng của bệnh lí trong ổ bụng. Nó có thể là chỉ điểm duy nhất cho biết cần phẫu...  đọc thêm      được thảo luận ở tài liệu khác. Đau bụng mạn tính xảy ra bất kỳ lứa tuổi nào sau 5 tuổi. Tối đa 10% số trẻ em cần được đánh giá tình trạng đau bụng tái phát. Khoảng 2% số người lớn, chủ yếu là phụ nữ, có đau bụng mạn tính (tỷ lệ phần trăm cao hơn nhiều ở người trưởng thành có một số loại triệu chứng tiêu hóa [GI] mạn tính, bao gồm khó tiêu không loét và các rối loạn nhu động ruột khác)."", ""ja"": ""慢性腹痛とは，3カ月以上にわたり連続的または間欠的に持続する腹痛のことである。間欠的な腹痛は，反復性腹痛と呼ばれることもある。 急性腹痛     急性腹痛  腹痛はよくみられる症状であり，重要ではない場合も多い。しかしながら，急性および重度の腹痛はほぼ常に腹腔内疾患の症状である。手術の必要性に関する唯一の指標である場合もあり，迅速な対処が必要である：特定の疾患では，症状出現から6時間未満で 腸管の壊疽および穿孔が起こる可能性がある（例，絞扼性閉塞または動脈塞栓による腸管への血液供給阻害）。腹痛...  さらに読む     については，本マニュアルの別の箇所で考察されている。慢性腹痛は5歳以降のいずれの年齢でも起こりうる。最大10％の小児患者で反復性腹痛の評価が必要になる。慢性腹痛は成人の約2％にみられ，その多くは女性である（機能性ディスペプシアや様々な腸管機能障害など，何らかの慢性消化管症状を有する成人では，頻度がはるかに高くなる）。""}",https://www.msdmanuals.com/professional/gastrointestinal-disorders/symptoms-of-gastrointestinal-disorders/chronic-abdominal-pain-and-recurrent-abdominal-pain
f575da3fcdc8835a13ecafa42cc16026,"{""en"": ""2. Keefer L, Ko CW, Ford AC: AGA clinical practice update on management of chronic gastrointestinal pain in disorders of gut-brain interaction: Expert review. Clin Gastroenterol Hepatol 19(12):2481–2488.e1, 2021. doi: 10.1016/j.cgh.2021.07.006"", ""vi"": ""Sau đây là một nguồn thông tin bằng tiếng Anh có thể hữu ích. Vui lòng lưu ý rằng CẨM NANG không chịu trách nhiệm về nội dung của tài liệu này."", ""ja"": ""American College of Gastroenterology's monograph on management of irritable bowel syndrome""}",https://www.msdmanuals.com/professional/gastrointestinal-disorders/approach-to-the-gastrointestinal-patient/disorders-of-gut-brain-interaction
ab27fba9f1b59ceacc73a0474599ca7a,"{""en"": ""American Gastroenterological Association: Medical position statement on constipation (2013)"", ""vi"": ""American Gastroenterological Association: Medical position statement on constipation (2013)"", ""ja"": ""正常では，排便しようとすると，直腸圧の上昇と協調して外肛門括約筋が弛緩する。この過程は，病因不明な1つ以上の機能不全（例，直腸の収縮障害，腹壁の過度の収縮，肛門の奇異性収縮，肛門の弛緩不全）によって影響を受けることがある。機能性排便障害はあらゆる年齢層で起こりうる。これに対し，直腸肛門抑制反射の喪失を原因とする ヒルシュスプルング病     ヒルシュスプルング病  ヒルシュスプルング病は，下部腸管（通常は結腸に限定される）の神経支配の先天異常であり，部分的または完全な機能的閉塞を引き起こす。症状は便秘と腹部膨隆である。診断は下部消化管造影と直腸生検による。肛門内圧検査が評価に役立つ可能性があり，内肛門括約筋の弛緩欠如が認められる。治療は手術である。 （ 消化器系の先天異常の概要も参照のこと。） ヒルシュスプルング病は，腸壁のマイスナーおよびアウエルバッハ神経叢が先天的に欠如すること（無神経節症）が...  さらに読む        は，ほぼ全例で乳児期または小児期に診断される。 過敏性腸症候群     過敏性腸症候群（IBS）  過敏性腸症候群は，繰り返す腹部不快感または腹痛を特徴とし，さらに排便との関連性，排便頻度の変化との関連性，または便の硬さの変化との関連性という特徴のうち少なくとも2つが認められる。原因は不明であり，病態生理も完全には解明されていない。診断は臨床的に行う。治療は対症療法であり，食事管理と薬剤投与（抗コリン薬やセロトニン受容体に作用する薬剤な...  さらに読む     （IBS）の患者には，IBSによる排便障害のために排便困難を来すことがある。""}",https://www.msdmanuals.com/professional/gastrointestinal-disorders/symptoms-of-gastrointestinal-disorders/constipation
e9bdae9fc65f4d6a93de8e4fe05dbf8d,"{""en"": ""Many patients have findings on testing (eg, duodenitis, motility disturbance, Helicobacter pylori gastritis     Helicobacter pylori Infection  Helicobacter pylori is a common gastric pathogen that causes gastritis, peptic ulcer disease, gastric adenocarcinoma, and low-grade gastric lymphoma. Infection may be asymptomatic or...  read more     , lactose deficiency, cholelithiasis     Cholelithiasis  Cholelithiasis is the presence of one or more calculi (gallstones) in the gallbladder. Gallstones tend to be asymptomatic. The most common symptom is biliary colic; gallstones do not cause dyspepsia...  read more        ) that correlate poorly with symptoms (ie, correction of the condition does not alleviate dyspepsia)."", ""vi"": ""Nhiều bệnh nhân có kết quả kiểm tra bất thường (ví dụ: viêm tá tràng, rối loạn nhu động, viêm dạ dày do Helicobacter pylori     Nhiễm Helicobacter pylori  Helicobacter pylori là một mầm bệnh phổ biến ở dạ dày gây viêm dạ dày, loét dạ dày, ung thư biểu mô tuyến dạ dày và u lympho ở dạ dày mức độ thấp. Nhiễm bệnh có thể không có triệu chứng...  đọc thêm     , thiếu hụt lactose, sỏi mật     Viêm đường mật  Sỏi mật là sự hiện diện của một hoặc nhiều sỏi mật (galli) trong túi mật. Ở các nước phát triển, khoảng 10% người lớn và 20% dân số > 65 tuổi bị sỏi mật. Sỏi mật có khuynh hướng không triệu...  đọc thêm        ) ít liên quan với các triệu chứng (tức là việc điều chỉnh tình trạng không làm giảm khó tiêu)."", ""ja"": ""多くの患者では，検査で何らかの所見（例，十二指腸炎，蠕動障害， Helicobacter pylori胃炎     Helicobacter pylori感染症  Helicobacter pyloriは，胃炎，消化性潰瘍，胃腺癌，および低悪性度胃リンパ腫の原因となる一般的な胃の病原菌である。感染は無症候性または様々な程度の消化不良を引き起こす可能性がある。診断は尿素呼気試験，便抗原検査，および内視鏡下生検検体の検査による。治療は，プロトンポンプ阻害薬と2種類の抗菌薬の併用による。 （ 胃酸分泌の概要および 胃炎の概要も参照のこと。）...  さらに読む     ，ラクターゼ欠乏症， 胆石症     胆石症  胆石症は，胆嚢内に1つまたは複数の結石（胆石）が存在する病態である。先進国では，成人の約10％と65歳以上の高齢者の20％で胆石がみられる。胆石は無症状のことが多い。最も一般的な症状は胆道仙痛であり，胆石によって消化不良や高脂肪食に対する不耐症が生じることはない。より重篤の合併症としては，胆嚢炎，ときに感染（胆管炎）を伴う胆道閉塞（胆管内の結石による［総胆管結石症］），胆石性膵炎などがある。診断は通常，超音波検査による。胆石症による症状...  さらに読む        ）が認められるが，それらと症状との相関は不良である（すなわち，その病態が是正されても消化不良は軽減しない）。""}",https://www.msdmanuals.com/professional/gastrointestinal-disorders/symptoms-of-gastrointestinal-disorders/dyspepsia
6458c2ba7153be2e763bae3ab0511cbe,"{""en"": ""Sometimes stool PCR testing"", ""vi"": ""Đôi khi xét nghiệm PCR phân"", ""ja"": ""腸管凝集性：AIDS患者や熱帯地域の小児における遷延性下痢症の重要な原因菌の候補として，一部の菌株に注目が集まっている。""}",https://www.msdmanuals.com/professional/gastrointestinal-disorders/gastroenteritis/e-coli-gastroenteritis
a1e4804c6d6b9ab40ae34c72050bc9f1,"{""en"": ""Rumination is the (usually involuntary) regurgitation of small amounts of food from the stomach (most often 15 to 30 minutes after eating) that are rechewed and, in most cases, again swallowed."", ""vi"": ""Nhai lại là ựa ra (thường là không tự chủ) một lượng nhỏ thức ăn từ dạ dày (thường xuất hiện nhiều nhất là sau khi ăn từ 15 đến 30 phút) được nhai lại và bị nuốt lại trong hầu hết các trường hợp."", ""ja"": ""反芻症は乳児でよくみられる。患者自身が報告することはまれであるので，成人における発生率は不明である。""}",https://www.msdmanuals.com/professional/gastrointestinal-disorders/symptoms-of-gastrointestinal-disorders/rumination
70b44f66615499a9a60899c91efda7f4,"{""en"": ""Treatment with an antiemetic (eg, prochlorperazine, ondansetron) may be helpful, especially in patients who cannot tolerate adequate oral rehydration because of nausea and vomiting."", ""vi"": ""Điều trị bằng thuốc chống nôn (ví dụ: prochlorperazine, ondansetron) có thể hữu ích, đặc biệt ở những bệnh nhân không thể bù nước đầy đủ bằng đường uống vì buồn nôn và nôn."", ""ja"": ""1.Sattar SBA, Singh S: Bacterial gastroenteritis [Updated 2019 Mar 8].In StatPearls (Internet).Treasure Island, StatPearls Publishing, 2020.""}",https://www.msdmanuals.com/professional/gastrointestinal-disorders/gastroenteritis/staphylococcal-food-poisoning
70b44f66615499a9a60899c91efda7f4,"{""en"": ""(See also Overview of Gastroenteritis     Overview of Gastroenteritis  Gastroenteritis is inflammation of the lining of the stomach and small and large intestines. Most cases are infectious, although gastroenteritis may occur after ingestion of drugs, medications...  read more     .)"", ""vi"": ""(Xem thêm Tổng quan về viêm dạ dày ruột     Tổng quan về viêm dạ dày ruột  Viêm dạ dày ruột là viêm lớp niêm mạc dạ dày, ruột non và đại tràng. Hầu hết các trường hợp đều do nhiễm trùng, mặc dù viêm dạ dày ruột có thể xảy ra sau uống thuốc và nuốt phải chất độc hoá...  đọc thêm     .)"", ""ja"": ""寄生虫性胃腸炎""}",https://www.msdmanuals.com/professional/gastrointestinal-disorders/gastroenteritis/staphylococcal-food-poisoning
86e0156173caed9fd0fcc9706a013aa2,"{""en"": ""Physiologic conditions are treated."", ""vi"": ""Tình trạng sinh lý được điều trị."", ""ja"": ""器質的病態を治療する。""}",https://www.msdmanuals.com/professional/gastrointestinal-disorders/symptoms-of-gastrointestinal-disorders/chronic-abdominal-pain-and-recurrent-abdominal-pain
fc502833c9583db7ac293a1209a89b06,"{""en"": ""Weight loss"", ""vi"": ""Sụt cân"", ""ja"": ""体重減少""}",https://www.msdmanuals.com/professional/gastrointestinal-disorders/symptoms-of-gastrointestinal-disorders/lump-in-throat
95bd442a3da264072ee27562f8e608d9,"{""en"": ""Weight loss"", ""vi"": ""Sụt cân"", ""ja"": ""体重減少""}",https://www.msdmanuals.com/professional/gastrointestinal-disorders/symptoms-of-gastrointestinal-disorders/diarrhea
579a320e39d6d284fdc7734225a0f713,"{""en"": ""Treatment references"", ""vi"": ""Tài liệu tham khảo về điều trị"", ""ja"": ""びらん性胃炎は粘膜防御の障害に起因する胃粘膜びらんである。典型的には急性で，出血がみられるが，亜急性または慢性で症状がほとんどないか全くないこともある。診断は内視鏡検査による。治療は支持療法であり，具体的には誘因を除去するとともに，胃酸分泌抑制療法を開始する。特定のICU患者（例，人工呼吸器装着，頭部外傷，熱傷，多発外傷）では，胃酸分泌抑制薬による予防が有益となる。""}",https://www.msdmanuals.com/professional/gastrointestinal-disorders/gastritis-and-peptic-ulcer-disease/erosive-gastritis
95bd442a3da264072ee27562f8e608d9,"{""en"": ""Signs of dehydration"", ""vi"": ""Dấu hiệu mất nước"", ""ja"": ""脱水の徴候""}",https://www.msdmanuals.com/professional/gastrointestinal-disorders/symptoms-of-gastrointestinal-disorders/diarrhea
73fae687a6e5f0024e8d2f7e0f78b631,"{""en"": ""Contact with infected people or certain animals"", ""vi"": ""Tiếp xúc với người bị nhiễm bệnh hoặc một số động vật"", ""ja"": ""急性の水様性下痢は，おそらくウイルス性であり，下痢が持続しない限り検査の適応はない。ロタウイルスおよび腸管アデノウイルス感染症は，便中のウイルス抗原を検出する市販の迅速アッセイを用いて診断できるが，これらの検査が適応となることはまれである。""}",https://www.msdmanuals.com/professional/gastrointestinal-disorders/gastroenteritis/overview-of-gastroenteritis
73fae687a6e5f0024e8d2f7e0f78b631,"{""en"": ""The hallmark of adenovirus gastroenteritis is diarrhea lasting 1 to 2 weeks. Affected infants and children may have mild vomiting that typically starts 1 to 2 days after the onset of diarrhea. Low-grade fever occurs in about 50% of patients. Respiratory symptoms may be present. Symptoms are generally mild but can last longer than with other viral causes of gastroenteritis."", ""vi"": ""Dấu hiệu của viêm dạ dày ruột do adenovirus là tiêu chảy kéo dài từ 1 đến 2 tuần. Trẻ nhỏ và trẻ em bị ảnh hưởng có thể nôn nhẹ khi khởi phát điển hình từ 1 đến 2 ngày sau khi bắt đầu tiêu chảy. Sốt nhẹ xảy ra ở khoảng 50% số bệnh nhân. Có thể có triệu chứng đường hô hấp. Triệu chứng thường nhẹ nhưng có thể kéo dài hơn so với các nguyên nhân khác của viêm dạ dày ruột do vi rút."", ""ja"": ""大腸菌（E. coli）O157:H7     大腸菌（Escherichia coli）O157:H7およびその他の腸管出血性大腸菌（E. coli）（EHEC）による感染症  グラム陰性細菌である大腸菌（Escherichia coli）O157:H7およびその他の腸管出血性大腸菌（E. coli）（EHEC）は，典型的には急性の血性下痢を引き起こし，それが溶血性尿毒症症候群に進行することがある。症状は腹部痙攣と下痢で，下痢は肉眼的に血性のことがある。発熱は著明ではない。診断は便培養...  さらに読む      感染は，通常1～2日間の水様性下痢に始まり，続いて血性下痢がみられる。発熱はないか，あっても微熱である。""}",https://www.msdmanuals.com/professional/gastrointestinal-disorders/gastroenteritis/overview-of-gastroenteritis
73fae687a6e5f0024e8d2f7e0f78b631,"{""en"": ""E. coli O157:H7     Infection by Escherichia coli O157:H7 and Other Enterohemorrhagic E. coli (EHEC)  The gram-negative bacteria Escherichia coli O157:H7 and other enterohemorrhagic E. coli (EHEC) typically cause acute bloody diarrhea, which may lead to hemolytic-uremic syndrome...  read more      infection usually begins with severe abdominal cramps and watery diarrhea for 1 to 2 days, followed by bloody diarrhea. Fever is absent or low grade."", ""vi"": ""Nhiễm E. coli O157:H7     Nhiễm trùng do Escherichia coli O157:H7 và E. coli gây xuất huyết ruột khác (EHEC)  Vi khuẩn gram âm Escherichia coli O157: H7 và các vi khuẩn E.coli đường ruột khác (EHEC) thường gây tiêu chảy cấp có máu, có thể dẫn đến hội chứng tán huyết-urê huyết. Triệu chứng...  đọc thêm      thường bắt đầu bằng đau quặn bụng dữ dội và tiêu chảy toàn nước trong 1 ngày đến 2 ngày, sau đó là tiêu chảy ra máu. Không sốt hoặc sốt nhẹ."", ""ja"": ""臨床的評価""}",https://www.msdmanuals.com/professional/gastrointestinal-disorders/gastroenteritis/overview-of-gastroenteritis
